﻿{
  "x-generator": "NSwag v13.11.3.0 (NJsonSchema v10.4.4.0 (Newtonsoft.Json v13.0.0.0))",
  "openapi": "3.0.0",
  "info": {
    "title": "Honeywell Forge APM Event Management Service",
    "description": "API to unerstand request and response schema.",
    "version": "v1.1"
  },
  "servers": [
    {
      "url": "https://hcp-apm-event-mgmt-service-gmooxgzh-qrfqlazf-dqxhkanx.apps.dev.aro.forgeapp.honeywell.com"
    }
  ],
  "paths": {
    "/api/asset/Status": {
      "post": {
        "tags": [
          "Asset"
        ],
        "summary": "Update the Asset Status",
        "operationId": "Asset_Status",
        "parameters": [
          {
            "type": "string",
            "name": "customer-id",
            "in": "header",
            "description": "Customer Id",
            "default": ""
          },
          {
            "type": "string",
            "name": "correlation-id",
            "in": "header",
            "description": "Any Guid to trace the requests across services",
            "default": ""
          },
          {
            "type": "string",
            "name": "x-continuation-token",
            "in": "header",
            "description": "x-continuation-token",
            "default": ""
          }
        ],
        "requestBody": {
          "x-name": "request",
          "description": "UpdateAssetStatusRequest",
          "content": {
            "application/json": {
              "schema": {
                "$ref": "#/components/schemas/UpdateAssetStatusRequest"
              }
            }
          },
          "required": true,
          "x-position": 1
        },
        "responses": {
          "200": {
            "description": "bool",
            "content": {
              "application/json": {
                "schema": {
                  "type": "boolean"
                }
              }
            }
          },
          "400": {
            "description": "",
            "content": {
              "application/json": {
                "schema": {
                  "$ref": "#/components/schemas/OperationStatus"
                }
              }
            }
          },
          "204": {
            "description": "bool",
            "content": {
              "application/json": {
                "schema": {
                  "$ref": "#/components/schemas/OperationStatus"
                }
              }
            }
          },
          "500": {
            "description": "",
            "content": {
              "application/json": {
                "schema": {
                  "$ref": "#/components/schemas/OperationStatus"
                }
              }
            }
          }
        },
        "security": [
          {
            "Bearer": []
          }
        ]
      }
    },
    "/api/asset/ReasonCodes": {
      "get": {
        "tags": [
          "Asset"
        ],
        "summary": "Get Reason Codes",
        "operationId": "Asset_ReasonCodes",
        "parameters": [
          {
            "type": "string",
            "name": "customer-id",
            "in": "header",
            "description": "Customer Id",
            "default": ""
          },
          {
            "type": "string",
            "name": "correlation-id",
            "in": "header",
            "description": "Any Guid to trace the requests across services",
            "default": ""
          },
          {
            "type": "string",
            "name": "x-continuation-token",
            "in": "header",
            "description": "x-continuation-token",
            "default": ""
          }
        ],
        "responses": {
          "200": {
            "description": "GetReasonCodeResponse",
            "content": {
              "application/json": {
                "schema": {
                  "$ref": "#/components/schemas/GetReasonCodeResponse"
                }
              }
            }
          },
          "400": {
            "description": "",
            "content": {
              "application/json": {
                "schema": {
                  "$ref": "#/components/schemas/OperationStatus"
                }
              }
            }
          },
          "500": {
            "description": "",
            "content": {
              "application/json": {
                "schema": {
                  "$ref": "#/components/schemas/OperationStatus"
                }
              }
            }
          }
        },
        "security": [
          {
            "Bearer": []
          }
        ]
      }
    },
    "/api/event/kpi/getAssetFaultCountData": {
      "post": {
        "tags": [
          "Dashboard"
        ],
        "summary": "Get the Asset Fault Data",
        "operationId": "Dashboard_GetAssetFaultCountData",
        "parameters": [
          {
            "type": "string",
            "name": "customer-id",
            "in": "header",
            "description": "Customer Id",
            "default": ""
          },
          {
            "type": "string",
            "name": "correlation-id",
            "in": "header",
            "description": "Any Guid to trace the requests across services",
            "default": ""
          },
          {
            "type": "string",
            "name": "x-continuation-token",
            "in": "header",
            "description": "x-continuation-token",
            "default": ""
          }
        ],
        "requestBody": {
          "x-name": "request",
          "description": "GetFaultCountDataRequest",
          "content": {
            "application/json": {
              "schema": {
                "$ref": "#/components/schemas/GetFaultCountDataRequest"
              }
            }
          },
          "required": true,
          "x-position": 1
        },
        "responses": {
          "200": {
            "description": "",
            "content": {
              "application/json": {
                "schema": {
                  "$ref": "#/components/schemas/GetAssetFaultCountResponse"
                }
              }
            }
          },
          "400": {
            "description": "",
            "content": {
              "application/json": {
                "schema": {
                  "$ref": "#/components/schemas/OperationStatus"
                }
              }
            }
          },
          "204": {
            "description": "",
            "content": {
              "application/json": {
                "schema": {
                  "$ref": "#/components/schemas/OperationStatus"
                }
              }
            }
          },
          "500": {
            "description": "",
            "content": {
              "application/json": {
                "schema": {
                  "$ref": "#/components/schemas/OperationStatus"
                }
              }
            }
          }
        },
        "security": [
          {
            "Bearer": []
          }
        ]
      }
    },
    "/api/event/kpi/getFailureFaultCountData": {
      "post": {
        "tags": [
          "Dashboard"
        ],
        "summary": "Get Failure Fault Count Data",
        "operationId": "Dashboard_GetFailureFaultCountData",
        "parameters": [
          {
            "type": "string",
            "name": "customer-id",
            "in": "header",
            "description": "Customer Id",
            "default": ""
          },
          {
            "type": "string",
            "name": "correlation-id",
            "in": "header",
            "description": "Any Guid to trace the requests across services",
            "default": ""
          },
          {
            "type": "string",
            "name": "x-continuation-token",
            "in": "header",
            "description": "x-continuation-token",
            "default": ""
          }
        ],
        "requestBody": {
          "x-name": "request",
          "content": {
            "application/json": {
              "schema": {
                "$ref": "#/components/schemas/GetFaultCountDataRequest"
              }
            }
          },
          "required": true,
          "x-position": 1
        },
        "responses": {
          "200": {
            "description": "GetFailureFaultCountResponse",
            "content": {
              "application/json": {
                "schema": {
                  "$ref": "#/components/schemas/GetFailureFaultCountResponse"
                }
              }
            }
          },
          "400": {
            "description": "",
            "content": {
              "application/json": {
                "schema": {
                  "$ref": "#/components/schemas/OperationStatus"
                }
              }
            }
          },
          "204": {
            "description": "GetFailureFaultCountResponse",
            "content": {
              "application/json": {
                "schema": {
                  "$ref": "#/components/schemas/OperationStatus"
                }
              }
            }
          },
          "500": {
            "description": "",
            "content": {
              "application/json": {
                "schema": {
                  "$ref": "#/components/schemas/OperationStatus"
                }
              }
            }
          }
        },
        "security": [
          {
            "Bearer": []
          }
        ]
      }
    },
    "/api/event/kpi/getHeatmapMatrixData": {
      "post": {
        "tags": [
          "Dashboard"
        ],
        "summary": "Get the Heat Map Matrix Data",
        "operationId": "Dashboard_GetHeatmapMatrixData",
        "parameters": [
          {
            "type": "string",
            "name": "customer-id",
            "in": "header",
            "description": "Customer Id",
            "default": ""
          },
          {
            "type": "string",
            "name": "correlation-id",
            "in": "header",
            "description": "Any Guid to trace the requests across services",
            "default": ""
          },
          {
            "type": "string",
            "name": "x-continuation-token",
            "in": "header",
            "description": "x-continuation-token",
            "default": ""
          }
        ],
        "requestBody": {
          "x-name": "request",
          "description": "GetHeatmapMatrixDataRequest",
          "content": {
            "application/json": {
              "schema": {
                "$ref": "#/components/schemas/GetHeatmapMatrixDataRequest"
              }
            }
          },
          "required": true,
          "x-position": 1
        },
        "responses": {
          "200": {
            "description": "GetHeatmapMatrixDataResponse",
            "content": {
              "application/json": {
                "schema": {
                  "$ref": "#/components/schemas/GetHeatmapMatrixDataResponse"
                }
              }
            }
          },
          "400": {
            "description": "",
            "content": {
              "application/json": {
                "schema": {
                  "$ref": "#/components/schemas/OperationStatus"
                }
              }
            }
          },
          "204": {
            "description": "GetHeatmapMatrixDataResponse",
            "content": {
              "application/json": {
                "schema": {
                  "$ref": "#/components/schemas/OperationStatus"
                }
              }
            }
          },
          "500": {
            "description": "",
            "content": {
              "application/json": {
                "schema": {
                  "$ref": "#/components/schemas/OperationStatus"
                }
              }
            }
          }
        },
        "security": [
          {
            "Bearer": []
          }
        ]
      }
    },
    "/api/Event": {
      "post": {
        "tags": [
          "Event"
        ],
        "operationId": "Event_GetAssetFailureNotificationData",
        "parameters": [
          {
            "type": "string",
            "name": "customer-id",
            "in": "header",
            "description": "Customer Id",
            "default": ""
          },
          {
            "type": "string",
            "name": "correlation-id",
            "in": "header",
            "description": "Any Guid to trace the requests across services",
            "default": ""
          },
          {
            "type": "string",
            "name": "x-continuation-token",
            "in": "header",
            "description": "x-continuation-token",
            "default": ""
          }
        ],
        "requestBody": {
          "x-name": "requestMsg",
          "content": {
            "application/json": {
              "schema": {
                "$ref": "#/components/schemas/AssetFailureNotificationRequest"
              }
            }
          },
          "required": true,
          "x-position": 1
        },
        "responses": {
          "200": {
            "description": "",
            "content": {
              "application/json": {
                "schema": {
                  "$ref": "#/components/schemas/AssetEventsResponse"
                }
              }
            }
          }
        },
        "security": [
          {
            "Bearer": []
          }
        ]
      }
    },
    "/api/Event/GetFaultCategoryData": {
      "get": {
        "tags": [
          "Event"
        ],
        "summary": "Get Fault Category Data",
        "operationId": "Event_GetFaultCategoryData",
        "parameters": [
          {
            "type": "string",
            "name": "customer-id",
            "in": "header",
            "description": "Customer Id",
            "default": ""
          },
          {
            "type": "string",
            "name": "correlation-id",
            "in": "header",
            "description": "Any Guid to trace the requests across services",
            "default": ""
          },
          {
            "type": "string",
            "name": "x-continuation-token",
            "in": "header",
            "description": "x-continuation-token",
            "default": ""
          }
        ],
        "responses": {
          "200": {
            "description": "bool",
            "content": {
              "application/json": {
                "schema": {
                  "$ref": "#/components/schemas/GetFaultCategoriesResponse"
                }
              }
            }
          },
          "400": {
            "description": "",
            "content": {
              "application/json": {
                "schema": {
                  "$ref": "#/components/schemas/OperationStatus"
                }
              }
            }
          },
          "500": {
            "description": "",
            "content": {
              "application/json": {
                "schema": {
                  "$ref": "#/components/schemas/OperationStatus"
                }
              }
            }
          }
        },
        "security": [
          {
            "Bearer": []
          }
        ]
      }
    },
    "/api/Event/UpdateNotification": {
      "post": {
        "tags": [
          "Event"
        ],
        "summary": "Update the notification data",
        "operationId": "Event_UpdateNotification",
        "parameters": [
          {
            "type": "string",
            "name": "customer-id",
            "in": "header",
            "description": "Customer Id",
            "default": ""
          },
          {
            "type": "string",
            "name": "correlation-id",
            "in": "header",
            "description": "Any Guid to trace the requests across services",
            "default": ""
          },
          {
            "type": "string",
            "name": "x-continuation-token",
            "in": "header",
            "description": "x-continuation-token",
            "default": ""
          }
        ],
        "requestBody": {
          "x-name": "request",
          "description": "UpdateNotificationRequest",
          "content": {
            "application/json": {
              "schema": {
                "$ref": "#/components/schemas/UpdateNotificationRequest"
              }
            }
          },
          "required": true,
          "x-position": 1
        },
        "responses": {
          "200": {
            "description": "bool",
            "content": {
              "application/json": {
                "schema": {
                  "type": "boolean"
                }
              }
            }
          },
          "400": {
            "description": "",
            "content": {
              "application/json": {
                "schema": {
                  "$ref": "#/components/schemas/OperationStatus"
                }
              }
            }
          },
          "204": {
            "description": "bool",
            "content": {
              "application/json": {
                "schema": {
                  "$ref": "#/components/schemas/OperationStatus"
                }
              }
            }
          },
          "500": {
            "description": "",
            "content": {
              "application/json": {
                "schema": {
                  "$ref": "#/components/schemas/OperationStatus"
                }
              }
            }
          }
        },
        "security": [
          {
            "Bearer": []
          }
        ]
      }
    },
    "/api/Event/GetReasonCodeData": {
      "get": {
        "tags": [
          "Event"
        ],
        "summary": "Get Reason Code Data",
        "operationId": "Event_GetReasonCodeData",
        "parameters": [
          {
            "type": "string",
            "name": "customer-id",
            "in": "header",
            "description": "Customer Id",
            "default": ""
          },
          {
            "type": "string",
            "name": "correlation-id",
            "in": "header",
            "description": "Any Guid to trace the requests across services",
            "default": ""
          },
          {
            "type": "string",
            "name": "x-continuation-token",
            "in": "header",
            "description": "x-continuation-token",
            "default": ""
          }
        ],
        "responses": {
          "200": {
            "description": "bool",
            "content": {
              "application/json": {
                "schema": {
                  "$ref": "#/components/schemas/GetReasonCodeResponse"
                }
              }
            }
          },
          "400": {
            "description": "",
            "content": {
              "application/json": {
                "schema": {
                  "$ref": "#/components/schemas/OperationStatus"
                }
              }
            }
          },
          "500": {
            "description": "",
            "content": {
              "application/json": {
                "schema": {
                  "$ref": "#/components/schemas/OperationStatus"
                }
              }
            }
          }
        },
        "security": [
          {
            "Bearer": []
          }
        ]
      }
    },
    "/api/Event/Filters": {
      "get": {
        "tags": [
          "Event"
        ],
        "summary": "Get Filtered DropDown Data",
        "operationId": "Event_Filters",
        "parameters": [
          {
            "name": "RootNode",
            "in": "query",
            "schema": {
              "type": "string",
              "nullable": true
            },
            "x-position": 1
          },
          {
            "name": "StartDate",
            "in": "query",
            "schema": {
              "type": "string",
              "format": "date-time",
              "nullable": true
            },
            "x-position": 2
          },
          {
            "name": "EndDate",
            "in": "query",
            "schema": {
              "type": "string",
              "format": "date-time",
              "nullable": true
            },
            "x-position": 3
          },
          {
            "name": "FaultStatus",
            "in": "query",
            "style": "form",
            "explode": true,
            "schema": {
              "type": "array",
              "nullable": true,
              "items": {
                "type": "string"
              }
            },
            "x-position": 4
          },
          {
            "type": "string",
            "name": "customer-id",
            "in": "header",
            "description": "Customer Id",
            "default": ""
          },
          {
            "type": "string",
            "name": "correlation-id",
            "in": "header",
            "description": "Any Guid to trace the requests across services",
            "default": ""
          },
          {
            "type": "string",
            "name": "x-continuation-token",
            "in": "header",
            "description": "x-continuation-token",
            "default": ""
          }
        ],
        "responses": {
          "200": {
            "description": "",
            "content": {
              "application/json": {
                "schema": {
                  "$ref": "#/components/schemas/FiltersResponse"
                }
              }
            }
          },
          "400": {
            "description": "",
            "content": {
              "application/json": {
                "schema": {
                  "$ref": "#/components/schemas/OperationStatus"
                }
              }
            }
          },
          "500": {
            "description": "",
            "content": {
              "application/json": {
                "schema": {
                  "$ref": "#/components/schemas/OperationStatus"
                }
              }
            }
          }
        },
        "security": [
          {
            "Bearer": []
          }
        ]
      }
    },
    "/api/Event/{eventId}/Comments": {
      "get": {
        "tags": [
          "Event"
        ],
        "summary": "Get all comments for given eventID.",
        "operationId": "Event_GetCommentsById",
        "parameters": [
          {
            "name": "eventId",
            "in": "path",
            "required": true,
            "schema": {
              "type": "string",
              "nullable": true
            },
            "x-position": 1
          },
          {
            "type": "string",
            "name": "customer-id",
            "in": "header",
            "description": "Customer Id",
            "default": ""
          },
          {
            "type": "string",
            "name": "correlation-id",
            "in": "header",
            "description": "Any Guid to trace the requests across services",
            "default": ""
          },
          {
            "type": "string",
            "name": "x-continuation-token",
            "in": "header",
            "description": "x-continuation-token",
            "default": ""
          }
        ],
        "responses": {
          "200": {
            "description": "List of Comments along with theit Time Stamp and User Name",
            "content": {
              "application/json": {
                "schema": {
                  "$ref": "#/components/schemas/GetUserCommentsResponse"
                }
              }
            }
          },
          "400": {
            "description": "",
            "content": {
              "application/json": {
                "schema": {
                  "$ref": "#/components/schemas/OperationStatus"
                }
              }
            }
          },
          "500": {
            "description": "",
            "content": {
              "application/json": {
                "schema": {
                  "$ref": "#/components/schemas/OperationStatus"
                }
              }
            }
          }
        },
        "security": [
          {
            "Bearer": []
          }
        ]
      }
    },
    "/api/Event/{eventId}": {
      "get": {
        "tags": [
          "Event"
        ],
        "summary": "Get Desctiption, Cause, Consequences, Description for the given Event Id",
        "operationId": "Event_GetEventRecord",
        "parameters": [
          {
            "name": "eventId",
            "in": "path",
            "required": true,
            "schema": {
              "type": "string",
              "nullable": true
            },
            "x-position": 1
          },
          {
            "type": "string",
            "name": "customer-id",
            "in": "header",
            "description": "Customer Id",
            "default": ""
          },
          {
            "type": "string",
            "name": "correlation-id",
            "in": "header",
            "description": "Any Guid to trace the requests across services",
            "default": ""
          },
          {
            "type": "string",
            "name": "x-continuation-token",
            "in": "header",
            "description": "x-continuation-token",
            "default": ""
          }
        ],
        "responses": {
          "200": {
            "description": "",
            "content": {
              "application/json": {
                "schema": {
                  "$ref": "#/components/schemas/AssetEventInfo"
                }
              }
            }
          },
          "400": {
            "description": "",
            "content": {
              "application/json": {
                "schema": {
                  "$ref": "#/components/schemas/OperationStatus"
                }
              }
            }
          },
          "500": {
            "description": "",
            "content": {
              "application/json": {
                "schema": {
                  "$ref": "#/components/schemas/OperationStatus"
                }
              }
            }
          }
        },
        "security": [
          {
            "Bearer": []
          }
        ]
      },
      "patch": {
        "tags": [
          "Event"
        ],
        "summary": "Update Cause, Description, Consequence, Recommendation for the given event Id.",
        "operationId": "Event_UpdateEventRecord",
        "parameters": [
          {
            "name": "eventId",
            "in": "path",
            "required": true,
            "schema": {
              "type": "string",
              "nullable": true
            },
            "x-position": 1
          },
          {
            "type": "string",
            "name": "customer-id",
            "in": "header",
            "description": "Customer Id",
            "default": ""
          },
          {
            "type": "string",
            "name": "correlation-id",
            "in": "header",
            "description": "Any Guid to trace the requests across services",
            "default": ""
          },
          {
            "type": "string",
            "name": "x-continuation-token",
            "in": "header",
            "description": "x-continuation-token",
            "default": ""
          }
        ],
        "requestBody": {
          "x-name": "request",
          "content": {
            "application/json": {
              "schema": {
                "$ref": "#/components/schemas/EventDetails"
              }
            }
          },
          "required": true,
          "x-position": 2
        },
        "responses": {
          "200": {
            "description": "true or false depending upon whether update was a success or not.",
            "content": {
              "application/json": {
                "schema": {
                  "$ref": "#/components/schemas/EventDetails"
                }
              }
            }
          },
          "400": {
            "description": "",
            "content": {
              "application/json": {
                "schema": {
                  "$ref": "#/components/schemas/OperationStatus"
                }
              }
            }
          },
          "500": {
            "description": "",
            "content": {
              "application/json": {
                "schema": {
                  "$ref": "#/components/schemas/OperationStatus"
                }
              }
            }
          }
        },
        "security": [
          {
            "Bearer": []
          }
        ]
      }
    }
  },
  "components": {
    "schemas": {
      "OperationStatus": {
        "type": "object",
        "additionalProperties": false,
        "properties": {
          "isSuccess": {
            "type": "boolean"
          },
          "message": {
            "type": "string",
            "nullable": true
          }
        }
      },
      "UpdateAssetStatusRequest": {
        "type": "object",
        "additionalProperties": false,
        "properties": {
          "assetList": {
            "type": "array",
            "nullable": true,
            "items": {
              "$ref": "#/components/schemas/AssetInfoList"
            }
          },
          "startTime": {
            "type": "string",
            "nullable": true
          },
          "comments": {
            "type": "string",
            "nullable": true
          },
          "status": {
            "type": "integer",
            "format": "int32",
            "nullable": true
          },
          "reasonCode": {
            "type": "string",
            "nullable": true
          }
        }
      },
      "AssetInfoList": {
        "type": "object",
        "additionalProperties": false,
        "properties": {
          "assetName": {
            "type": "string",
            "nullable": true
          },
          "assetId": {
            "type": "string",
            "nullable": true
          }
        }
      },
      "GetReasonCodeResponse": {
        "type": "object",
        "additionalProperties": false,
        "properties": {
          "reasonCodeResponse": {
            "type": "array",
            "nullable": true,
            "items": {
              "$ref": "#/components/schemas/ReasonCodeResponse"
            }
          }
        }
      },
      "ReasonCodeResponse": {
        "type": "object",
        "additionalProperties": false,
        "properties": {
          "description": {
            "type": "string",
            "nullable": true
          },
          "reasonCodePKID": {
            "type": "string",
            "nullable": true
          }
        }
      },
      "GetAssetFaultCountResponse": {
        "type": "object",
        "additionalProperties": false,
        "properties": {
          "data": {
            "type": "array",
            "nullable": true,
            "items": {
              "$ref": "#/components/schemas/AssetFaultCountResponse"
            }
          }
        }
      },
      "AssetFaultCountResponse": {
        "type": "object",
        "additionalProperties": false,
        "properties": {
          "assetId": {
            "type": "string",
            "nullable": true
          },
          "assetName": {
            "type": "string",
            "nullable": true
          },
          "assetDisplayName": {
            "type": "string",
            "nullable": true
          },
          "activeFaultCount": {
            "type": "integer",
            "format": "int32"
          },
          "inActiveFaultCount": {
            "type": "integer",
            "format": "int32"
          },
          "totalFaultCount": {
            "type": "integer",
            "format": "int32"
          },
          "highPriority": {
            "type": "integer",
            "format": "int32"
          },
          "mediumPriority": {
            "type": "integer",
            "format": "int32"
          },
          "lowPriority": {
            "type": "integer",
            "format": "int32"
          },
          "activeAvgFaultDuration": {
            "type": "number",
            "format": "decimal"
          },
          "previousActiveAvgFaultDuration": {
            "type": "number",
            "format": "decimal"
          }
        }
      },
      "GetFaultCountDataRequest": {
        "type": "object",
        "additionalProperties": false,
        "properties": {
          "hierarchyName": {
            "type": "string",
            "nullable": true
          },
          "rootNode": {
            "type": "string",
            "nullable": true
          },
          "startDate": {
            "type": "string",
            "nullable": true
          },
          "endDate": {
            "type": "string",
            "nullable": true
          },
          "assetData": {
            "type": "array",
            "nullable": true,
            "items": {
              "$ref": "#/components/schemas/AssetDataElement"
            }
          },
          "assetType": {
            "type": "array",
            "nullable": true,
            "items": {
              "type": "string"
            }
          },
          "faultCategory": {
            "type": "array",
            "nullable": true,
            "items": {
              "type": "string"
            }
          },
          "includeSubsystem": {
            "type": "boolean"
          },
          "messageType": {
            "type": "integer",
            "format": "int32"
          }
        }
      },
      "AssetDataElement": {
        "type": "object",
        "additionalProperties": false,
        "properties": {
          "assetName": {
            "type": "string",
            "nullable": true
          },
          "assetId": {
            "type": "string",
            "nullable": true
          }
        }
      },
      "GetFailureFaultCountResponse": {
        "type": "object",
        "additionalProperties": false,
        "properties": {
          "data": {
            "type": "array",
            "nullable": true,
            "items": {
              "$ref": "#/components/schemas/FailureFaultCountResponse"
            }
          }
        }
      },
      "FailureFaultCountResponse": {
        "type": "object",
        "additionalProperties": false,
        "properties": {
          "faultId": {
            "type": "string",
            "nullable": true
          },
          "faultDisplayName": {
            "type": "string",
            "nullable": true
          },
          "faultName": {
            "type": "string",
            "nullable": true
          },
          "activeFaultCount": {
            "type": "integer",
            "format": "int32"
          },
          "inActiveFaultCount": {
            "type": "integer",
            "format": "int32"
          },
          "totalFaultCount": {
            "type": "integer",
            "format": "int32"
          },
          "faultStatus": {
            "type": "string",
            "nullable": true
          }
        }
      },
      "GetHeatmapMatrixDataResponse": {
        "type": "object",
        "additionalProperties": false,
        "properties": {
          "datas": {
            "type": "array",
            "nullable": true,
            "items": {
              "$ref": "#/components/schemas/HeatMap"
            }
          }
        }
      },
      "HeatMap": {
        "type": "object",
        "additionalProperties": false,
        "properties": {
          "assetId": {
            "type": "string",
            "nullable": true
          },
          "assetName": {
            "type": "string",
            "nullable": true
          },
          "criticality": {
            "type": "integer",
            "format": "int32"
          },
          "severity": {
            "type": "integer",
            "format": "int32"
          },
          "priority": {
            "type": "integer",
            "format": "int32"
          },
          "faultStatus": {
            "$ref": "#/components/schemas/FaultStatus"
          }
        }
      },
      "FaultStatus": {
        "type": "integer",
        "description": "",
        "x-enumNames": [
          "New",
          "InProgress",
          "Closed",
          "Rejected"
        ],
        "enum": [
          0,
          1,
          2,
          3
        ]
      },
      "GetHeatmapMatrixDataRequest": {
        "type": "object",
        "additionalProperties": false,
        "properties": {
          "hierarchyName": {
            "type": "string",
            "nullable": true
          },
          "rootNode": {
            "type": "string",
            "nullable": true
          },
          "startTimeInUTC": {
            "type": "string",
            "nullable": true
          },
          "endTimeInUTC": {
            "type": "string",
            "nullable": true
          },
          "heatmapFor": {
            "type": "string",
            "nullable": true
          }
        }
      },
      "AssetEventsResponse": {
        "type": "object",
        "additionalProperties": false,
        "properties": {
          "assetFailureNotificationData": {
            "type": "array",
            "nullable": true,
            "items": {
              "$ref": "#/components/schemas/AssetEventInfo"
            }
          },
          "totalRecordCount": {
            "type": "integer",
            "format": "int32"
          }
        }
      },
      "AssetEventInfo": {
        "type": "object",
        "additionalProperties": false,
        "properties": {
          "assetId": {
            "type": "string",
            "nullable": true
          },
          "assetName": {
            "type": "string",
            "nullable": true
          },
          "priority": {
            "type": "integer",
            "format": "int32"
          },
          "faultSeverity": {
            "type": "number",
            "format": "double"
          },
          "faultStatus": {
            "type": "integer",
            "format": "int32"
          },
          "faultState": {
            "type": "integer",
            "format": "int32"
          },
          "priorityValue": {
            "type": "string",
            "nullable": true
          },
          "assetCriticality": {
            "type": "integer",
            "format": "int32"
          },
          "faultStatusValue": {
            "type": "string",
            "nullable": true
          },
          "faultStateValue": {
            "type": "string",
            "nullable": true
          },
          "faultDescription": {
            "type": "string",
            "nullable": true
          },
          "faultDisplayName": {
            "type": "string",
            "nullable": true
          },
          "recommendation": {
            "type": "string",
            "nullable": true
          },
          "consequences": {
            "type": "string",
            "nullable": true
          },
          "causes": {
            "type": "string",
            "nullable": true
          },
          "timeStamp": {
            "type": "string",
            "format": "date-time"
          },
          "eventCategory": {
            "type": "string",
            "nullable": true
          },
          "eventType": {
            "type": "string",
            "nullable": true
          },
          "eventId": {
            "type": "integer",
            "format": "int64"
          },
          "areaName": {
            "type": "string",
            "nullable": true
          },
          "typeName": {
            "type": "string",
            "nullable": true
          },
          "subsystem": {
            "type": "string",
            "nullable": true
          },
          "endDate": {
            "type": "string",
            "format": "date-time",
            "nullable": true
          },
          "faultVisualisationData": {
            "type": "string",
            "nullable": true
          }
        }
      },
      "AssetFailureNotificationRequest": {
        "type": "object",
        "additionalProperties": false,
        "properties": {
          "hierarchyName": {
            "type": "string",
            "nullable": true
          },
          "rootNode": {
            "type": "string",
            "nullable": true
          },
          "startDate": {
            "type": "string",
            "format": "date-time",
            "nullable": true
          },
          "endDate": {
            "type": "string",
            "format": "date-time",
            "nullable": true
          },
          "faultStatus": {
            "type": "array",
            "nullable": true,
            "items": {
              "type": "string"
            }
          },
          "faultState": {
            "type": "array",
            "nullable": true,
            "items": {
              "type": "string"
            }
          },
          "faultCategory": {
            "type": "array",
            "nullable": true,
            "items": {
              "type": "string"
            }
          },
          "faultPriority": {
            "type": "array",
            "nullable": true,
            "items": {
              "type": "string"
            }
          },
          "assetTypeName": {
            "type": "array",
            "nullable": true,
            "items": {
              "type": "string"
            }
          },
          "assetData": {
            "type": "array",
            "nullable": true,
            "items": {
              "$ref": "#/components/schemas/AssetDataList"
            }
          },
          "fromHeatMapSummary": {
            "type": "integer",
            "format": "int32"
          },
          "fromHeatMapPrioritySummary": {
            "type": "integer",
            "format": "int32"
          },
          "fromHeatMapStatus": {
            "type": "integer",
            "format": "int32"
          },
          "orderBy": {
            "type": "array",
            "nullable": true,
            "items": {
              "type": "string"
            }
          },
          "eventName": {
            "type": "string",
            "nullable": true
          },
          "assetName": {
            "type": "string",
            "nullable": true
          },
          "eventTypes": {
            "type": "array",
            "nullable": true,
            "items": {
              "type": "string"
            }
          },
          "subSystems": {
            "type": "array",
            "nullable": true,
            "items": {
              "type": "string"
            }
          },
          "searchString": {
            "type": "string",
            "nullable": true
          }
        }
      },
      "AssetDataList": {
        "type": "object",
        "additionalProperties": false,
        "properties": {
          "assetName": {
            "type": "string",
            "nullable": true
          },
          "assetId": {
            "type": "string",
            "nullable": true
          },
          "criticality": {
            "type": "integer",
            "format": "int32"
          }
        }
      },
      "GetFaultCategoriesResponse": {
        "type": "object",
        "additionalProperties": false,
        "properties": {
          "faultCategoriesResponse": {
            "type": "array",
            "nullable": true,
            "items": {
              "$ref": "#/components/schemas/FaultCategoriesResponse"
            }
          }
        }
      },
      "FaultCategoriesResponse": {
        "type": "object",
        "additionalProperties": false,
        "properties": {
          "name": {
            "type": "string",
            "nullable": true
          },
          "description": {
            "type": "string",
            "nullable": true
          },
          "eventCategoryId": {
            "type": "integer",
            "format": "int32"
          },
          "eventCategoryPK_Id": {
            "type": "string",
            "nullable": true
          },
          "eventTypePK_Id": {
            "type": "string",
            "nullable": true
          },
          "eventCategoryClusterId": {
            "type": "integer",
            "format": "int32"
          }
        }
      },
      "UpdateNotificationRequest": {
        "type": "object",
        "additionalProperties": false,
        "properties": {
          "eventId": {
            "type": "integer",
            "format": "int64"
          },
          "assetId": {
            "type": "string",
            "nullable": true
          },
          "faultDisplayName": {
            "type": "string",
            "nullable": true
          },
          "timeStamp": {
            "type": "string",
            "nullable": true
          },
          "comments": {
            "type": "string",
            "nullable": true
          },
          "eventCategoryPK_Id": {
            "type": "string",
            "nullable": true
          },
          "reasonCode": {
            "type": "string",
            "nullable": true
          },
          "firstName": {
            "type": "string",
            "nullable": true
          },
          "lastName": {
            "type": "string",
            "nullable": true
          }
        }
      },
      "FiltersResponse": {
        "type": "object",
        "additionalProperties": false,
        "properties": {
          "eventTypes": {
            "type": "array",
            "nullable": true,
            "items": {
              "type": "string"
            }
          },
          "subSystems": {
            "type": "array",
            "nullable": true,
            "items": {
              "type": "string"
            }
          },
          "assetTypes": {
            "type": "array",
            "nullable": true,
            "items": {
              "type": "string"
            }
          },
          "eventCategories": {
            "type": "array",
            "nullable": true,
            "items": {
              "type": "string"
            }
          },
          "assets": {
            "type": "array",
            "nullable": true,
            "items": {
              "type": "string"
            }
          }
        }
      },
      "GetUserCommentsResponse": {
        "type": "object",
        "additionalProperties": false,
        "properties": {
          "data": {
            "type": "array",
            "nullable": true,
            "items": {
              "$ref": "#/components/schemas/UserCommentsResponse"
            }
          },
          "isSuccess": {
            "type": "boolean"
          }
        }
      },
      "UserCommentsResponse": {
        "type": "object",
        "additionalProperties": false,
        "properties": {
          "eventId": {
            "type": "integer",
            "format": "int64"
          },
          "timeStamp": {
            "type": "string",
            "format": "date-time"
          },
          "comment": {
            "type": "string",
            "nullable": true
          },
          "firstName": {
            "type": "string",
            "nullable": true
          },
          "lastName": {
            "type": "string",
            "nullable": true
          }
        }
      },
      "EventDetails": {
        "type": "object",
        "additionalProperties": false,
        "properties": {
          "faultDescription": {
            "type": "string",
            "nullable": true
          },
          "causes": {
            "type": "string",
            "nullable": true
          },
          "consequences": {
            "type": "string",
            "nullable": true
          },
          "recommendation": {
            "type": "string",
            "nullable": true
          },
          "firstName": {
            "type": "string",
            "nullable": true
          },
          "lastName": {
            "type": "string",
            "nullable": true
          }
        }
      }
    },
    "securitySchemes": {
      "Bearer": {
        "type": "apiKey",
        "name": "Authorization",
        "in": "header"
      }
    }
  }
}