﻿{
  "swagger": "2.0",
  "info": {
    "title": "APMAdapterService",
    "version": "v1"
  },
  "host": "164.178.98.21:443",
  "basePath": "/MES/AM/PublicApis/APMRestAdapterService",
  "schemes": [
    "https"
  ],
  "paths": {
    "/assets": {
      "get": {
        "tags": [
          "Asset"
        ],
        "summary": "Get the all available asset from the sentinel",
        "operationId": "Asset_GET",
        "produces": [
          "application/json",
          "text/json"
        ],
        "responses": {
          "200": {
            "description": "OK",
            "schema": {
              "$ref": "#/definitions/Object"
            }
          }
        }
      },
      "put": {
        "tags": [
          "Asset"
        ],
        "summary": "update the existing asset in sentinel.",
        "operationId": "Asset_PUT",
        "consumes": [
          "application/json",
          "text/json",
          "application/x-www-form-urlencoded"
        ],
        "produces": [
          "application/json",
          "text/json"
        ],
        "parameters": [
          {
            "name": "asset",
            "in": "body",
            "required": true,
            "description": "request object",
            "schema": {
              "$ref": "#/definitions/Asset"
            }
          }
        ],
        "responses": {
          "200": {
            "description": "OK",
            "schema": {
              "$ref": "#/definitions/Object"
            }
          }
        }
      },
      "post": {
        "tags": [
          "Asset"
        ],
        "summary": "Creates in the new asset in the sentinel system.",
        "operationId": "Asset_POST",
        "consumes": [
          "application/json",
          "text/json",
          "application/x-www-form-urlencoded"
        ],
        "produces": [
          "application/json",
          "text/json"
        ],
        "parameters": [
          {
            "name": "assetsMessage",
            "in": "body",
            "required": true,
            "description": "{Honeywell.CAM.MessageContracts.AssetsMessage}Request object",
            "schema": {
              "$ref": "#/definitions/AssetsMessage"
            }
          }
        ],
        "responses": {
          "200": {
            "description": "OK",
            "schema": {
              "$ref": "#/definitions/Object"
            }
          }
        }
      }
    },
    "/assets/{assetIdOrName}": {
      "get": {
        "tags": [
          "Asset"
        ],
        "summary": "Get the asset by assetId / name",
        "operationId": "Asset_GET2",
        "produces": [
          "application/json",
          "text/json"
        ],
        "parameters": [
          {
            "type": "string",
            "name": "assetIdOrName",
            "in": "path",
            "required": true,
            "description": "{System.String}"
          }
        ],
        "responses": {
          "200": {
            "description": "OK",
            "schema": {
              "$ref": "#/definitions/Object"
            }
          }
        }
      }
    },
    "/assets/{assetId}": {
      "delete": {
        "tags": [
          "Asset"
        ],
        "summary": "Delete the asset by the asset id.",
        "operationId": "Asset_DELETE",
        "produces": [
          "application/json",
          "text/json"
        ],
        "parameters": [
          {
            "type": "string",
            "name": "assetId",
            "in": "path",
            "required": true,
            "description": "{System.Guid}AssetID"
          }
        ],
        "responses": {
          "200": {
            "description": "OK",
            "schema": {
              "$ref": "#/definitions/Object"
            }
          }
        }
      }
    },
    "/assetCalculations/getBynames": {
      "post": {
        "tags": [
          "AssetCalculation"
        ],
        "operationId": "AssetCalculation_GetAssetsByName",
        "consumes": [
          "application/json",
          "text/json",
          "application/x-www-form-urlencoded"
        ],
        "produces": [
          "application/json",
          "text/json"
        ],
        "parameters": [
          {
            "name": "assetNames",
            "in": "body",
            "required": true,
            "schema": {
              "type": "array",
              "items": {
                "type": "string"
              }
            }
          }
        ],
        "responses": {
          "200": {
            "description": "OK",
            "schema": {
              "$ref": "#/definitions/Object"
            }
          }
        }
      }
    },
    "/assetCalculations/getAllAssets": {
      "get": {
        "tags": [
          "AssetCalculation"
        ],
        "operationId": "AssetCalculation_GetAssets",
        "produces": [
          "application/json",
          "text/json"
        ],
        "parameters": [
          {
            "type": "string",
            "name": "assetName",
            "in": "query"
          },
          {
            "type": "string",
            "name": "AssetType",
            "in": "query"
          }
        ],
        "responses": {
          "200": {
            "description": "OK",
            "schema": {
              "$ref": "#/definitions/Object"
            }
          }
        }
      }
    },
    "/assetCalculations/saveAssetCalculations": {
      "post": {
        "tags": [
          "AssetCalculation"
        ],
        "summary": "Save Calculation Model",
        "operationId": "AssetCalculation_SaveAssetCalculations",
        "consumes": [
          "application/json",
          "text/json",
          "application/x-www-form-urlencoded"
        ],
        "produces": [
          "application/json",
          "text/json"
        ],
        "parameters": [
          {
            "name": "assets",
            "in": "body",
            "required": true,
            "description": "Asset with calculations to be saved",
            "schema": {
              "type": "array",
              "items": {
                "$ref": "#/definitions/Asset_AM"
              }
            }
          }
        ],
        "responses": {
          "405": {
            "description": "Invalid input"
          }
        }
      }
    },
    "/assetCalculations/getPortMappings": {
      "get": {
        "tags": [
          "AssetCalculation"
        ],
        "operationId": "AssetCalculation_GetAssetModelPortMappings",
        "produces": [
          "application/json",
          "text/json"
        ],
        "parameters": [
          {
            "type": "string",
            "name": "assetName",
            "in": "query"
          },
          {
            "type": "string",
            "name": "Calculation",
            "in": "query"
          },
          {
            "type": "string",
            "name": "CalculationInstance",
            "in": "query"
          }
        ],
        "responses": {
          "200": {
            "description": "OK",
            "schema": {
              "$ref": "#/definitions/Object"
            }
          }
        }
      }
    },
    "/assetCalculations/savePortMappings": {
      "post": {
        "tags": [
          "AssetCalculation"
        ],
        "operationId": "AssetCalculation_SaveAssetModelPortMappings",
        "consumes": [
          "application/json",
          "text/json",
          "application/x-www-form-urlencoded"
        ],
        "produces": [
          "application/json",
          "text/json"
        ],
        "parameters": [
          {
            "name": "mappings",
            "in": "body",
            "required": true,
            "schema": {
              "type": "array",
              "items": {
                "$ref": "#/definitions/PortMapping"
              }
            }
          }
        ],
        "responses": {
          "200": {
            "description": "OK",
            "schema": {
              "$ref": "#/definitions/Object"
            }
          }
        }
      }
    },
    "/assetDataGroupings": {
      "get": {
        "tags": [
          "AssetDataGrouping"
        ],
        "summary": "Get the all available asset from the sentinel",
        "operationId": "AssetDataGrouping_GET",
        "produces": [
          "application/json",
          "text/json"
        ],
        "parameters": [
          {
            "type": "string",
            "name": "assetName",
            "in": "query"
          },
          {
            "type": "string",
            "name": "AssetType",
            "in": "query"
          }
        ],
        "responses": {
          "200": {
            "description": "OK",
            "schema": {
              "$ref": "#/definitions/Object"
            }
          }
        }
      },
      "post": {
        "tags": [
          "AssetDataGrouping"
        ],
        "summary": "Create /Updates the given Data Group in the System",
        "operationId": "AssetDataGrouping_POST",
        "consumes": [
          "application/json",
          "text/json",
          "application/x-www-form-urlencoded"
        ],
        "produces": [
          "application/json",
          "text/json"
        ],
        "parameters": [
          {
            "name": "dataGrouppings",
            "in": "body",
            "required": true,
            "description": "{Honeywell.AM.Services.DataAccessServices.DataContracts.EquipmentGroupingEntry}Request object",
            "schema": {
              "type": "array",
              "items": {
                "$ref": "#/definitions/EquipmentGroupingEntry"
              }
            }
          }
        ],
        "responses": {
          "200": {
            "description": "OK",
            "schema": {
              "$ref": "#/definitions/Object"
            }
          }
        }
      }
    },
    "/assettypes": {
      "get": {
        "tags": [
          "AssetTypes"
        ],
        "summary": "Returns the list of the available assets types",
        "operationId": "AssetTypes_Get",
        "produces": [
          "application/json",
          "text/json"
        ],
        "responses": {
          "200": {
            "description": "OK",
            "schema": {
              "$ref": "#/definitions/Object"
            }
          }
        }
      }
    },
    "/AttributeService/GetAssetAttributeProperties": {
      "get": {
        "tags": [
          "Attribute"
        ],
        "summary": "Get Asset Attribute Properties",
        "operationId": "Attribute_GetAssetAttributeProperties",
        "produces": [
          "application/json",
          "text/json"
        ],
        "parameters": [
          {
            "type": "string",
            "name": "assetName",
            "in": "query"
          },
          {
            "type": "string",
            "name": "AssetType",
            "in": "query"
          },
          {
            "type": "string",
            "name": "AttributeName",
            "in": "query",
            "description": "System.String"
          }
        ],
        "responses": {
          "200": {
            "description": "Properties",
            "schema": {
              "$ref": "#/definitions/Object"
            }
          },
          "400": {
            "description": "Invalid value"
          }
        }
      }
    },
    "/AttributeService/GetAllAssetAttributeProperties": {
      "get": {
        "tags": [
          "Attribute"
        ],
        "summary": "Get All Asset Attribute Properties",
        "operationId": "Attribute_GetAllAssetAttributeProperties",
        "produces": [
          "application/json",
          "text/json"
        ],
        "parameters": [
          {
            "type": "string",
            "name": "assetName",
            "in": "query",
            "description": "GetAllAssetAttributePropertiesRequest"
          }
        ],
        "responses": {
          "200": {
            "description": "AssetAttribPropDetailsList []",
            "schema": {
              "$ref": "#/definitions/Object"
            }
          },
          "400": {
            "description": "Invalid value"
          }
        }
      }
    },
    "/AttributeService/SaveAssetAttributeProperties": {
      "post": {
        "tags": [
          "Attribute"
        ],
        "summary": "SaveAssetAttributeProperties",
        "operationId": "Attribute_SaveAssetAttributeProperties",
        "consumes": [
          "application/json",
          "text/json",
          "application/x-www-form-urlencoded"
        ],
        "produces": [
          "application/json",
          "text/json"
        ],
        "parameters": [
          {
            "name": "list",
            "in": "body",
            "required": true,
            "description": "AssetAttribProperties",
            "schema": {
              "type": "array",
              "items": {
                "$ref": "#/definitions/AssetAttribPropDetails"
              }
            }
          }
        ],
        "responses": {
          "405": {
            "description": "Invalid input"
          }
        }
      }
    },
    "/AttributeService/GetAttributeMappingsFilterAssetorAssetType": {
      "get": {
        "tags": [
          "Attribute"
        ],
        "summary": "GetAttributeMappingsForAsset",
        "operationId": "Attribute_GetAttributeMappingsFilterAssetorAssetType",
        "produces": [
          "application/json",
          "text/json"
        ],
        "parameters": [
          {
            "type": "string",
            "name": "assetName",
            "in": "query",
            "description": "asset Name"
          },
          {
            "type": "string",
            "name": "AssetType",
            "in": "query",
            "description": "asset Type"
          }
        ],
        "responses": {
          "405": {
            "description": "Invalid input"
          }
        }
      }
    },
    "/AttributeService/SaveAssetAttributes": {
      "post": {
        "tags": [
          "Attribute"
        ],
        "summary": "SaveAssetAttributes",
        "operationId": "Attribute_SaveAssetAttributes",
        "consumes": [
          "application/json",
          "text/json",
          "application/x-www-form-urlencoded"
        ],
        "produces": [
          "application/json",
          "text/json"
        ],
        "parameters": [
          {
            "type": "string",
            "name": "assetName",
            "in": "query",
            "required": true,
            "description": "AssetName"
          },
          {
            "name": "attributes",
            "in": "body",
            "required": true,
            "description": "Attributes List",
            "schema": {
              "type": "array",
              "items": {
                "$ref": "#/definitions/Attribute"
              }
            }
          }
        ],
        "responses": {
          "405": {
            "description": "Invalid input"
          }
        }
      }
    },
    "/AttributeService/GetAllAttributeMappings": {
      "get": {
        "tags": [
          "Attribute"
        ],
        "summary": "GetAllAttributeMappings",
        "operationId": "Attribute_GetAllAttributeMappings",
        "produces": [
          "application/json",
          "text/json"
        ],
        "parameters": [
          {
            "type": "number",
            "name": "timeout",
            "in": "query",
            "description": "timeout for get data",
            "format": "double"
          }
        ],
        "responses": {
          "405": {
            "description": "Invalid input"
          }
        }
      }
    },
    "/AttributeService/GetAssetDataGroupings": {
      "get": {
        "tags": [
          "Attribute"
        ],
        "summary": "Get Asset Data Groupings",
        "operationId": "Attribute_GetAssetDataGroupings",
        "produces": [
          "application/json",
          "text/json"
        ],
        "responses": {
          "200": {
            "description": "AssetAttribPropDetailsList []",
            "schema": {
              "$ref": "#/definitions/Object"
            }
          },
          "400": {
            "description": "Invalid value"
          }
        }
      }
    },
    "/calculations": {
      "post": {
        "tags": [
          "Calculation"
        ],
        "summary": "Creats the template instances of the calculations",
        "operationId": "Calculation_ChangeInstanceState",
        "consumes": [
          "application/json",
          "text/json",
          "application/x-www-form-urlencoded"
        ],
        "produces": [
          "application/json",
          "text/json"
        ],
        "parameters": [
          {
            "name": "lstchangeInstanceStateRequest",
            "in": "body",
            "required": true,
            "schema": {
              "type": "array",
              "items": {
                "$ref": "#/definitions/ChangeInstanceStateRequest"
              }
            }
          }
        ],
        "responses": {
          "200": {
            "description": "OK",
            "schema": {
              "$ref": "#/definitions/Object"
            }
          }
        }
      }
    },
    "/calculations/scheduleCalculationInstance": {
      "post": {
        "tags": [
          "Calculation"
        ],
        "summary": "Scheduling the calculations instances",
        "operationId": "Calculation_ScheduleCalculationInstance",
        "consumes": [
          "application/json",
          "text/json",
          "application/x-www-form-urlencoded"
        ],
        "produces": [
          "application/json",
          "text/json"
        ],
        "parameters": [
          {
            "name": "request",
            "in": "body",
            "required": true,
            "schema": {
              "$ref": "#/definitions/PortMappingsRequest"
            }
          }
        ],
        "responses": {
          "200": {
            "description": "OK",
            "schema": {
              "$ref": "#/definitions/Object"
            }
          }
        }
      }
    },
    "/executions/executetrain": {
      "post": {
        "tags": [
          "Execution"
        ],
        "summary": "For the executing the train model",
        "operationId": "Execution_ExecuteTrain",
        "consumes": [
          "application/json",
          "text/json",
          "application/x-www-form-urlencoded"
        ],
        "produces": [
          "application/json",
          "text/json"
        ],
        "parameters": [
          {
            "name": "modeParams",
            "in": "body",
            "required": true,
            "schema": {
              "$ref": "#/definitions/RequestModel"
            }
          }
        ],
        "responses": {
          "200": {
            "description": "OK",
            "schema": {
              "$ref": "#/definitions/Object"
            }
          }
        }
      }
    },
    "/executions/executecleansed": {
      "post": {
        "tags": [
          "Execution"
        ],
        "summary": "For the executing the clearnsed model",
        "operationId": "Execution_ExecuteCleansed",
        "consumes": [
          "application/json",
          "text/json",
          "application/x-www-form-urlencoded"
        ],
        "produces": [
          "application/json",
          "text/json"
        ],
        "parameters": [
          {
            "name": "modeParams",
            "in": "body",
            "required": true,
            "schema": {
              "$ref": "#/definitions/RequestModel"
            }
          }
        ],
        "responses": {
          "200": {
            "description": "OK",
            "schema": {
              "$ref": "#/definitions/Object"
            }
          }
        }
      }
    },
    "/executions/executelagcorrelation": {
      "post": {
        "tags": [
          "Execution"
        ],
        "summary": "For the executing the lag and correlation",
        "operationId": "Execution_ExecuteLagCorrelation",
        "consumes": [
          "application/json",
          "text/json",
          "application/x-www-form-urlencoded"
        ],
        "produces": [
          "application/json",
          "text/json"
        ],
        "parameters": [
          {
            "name": "modeParams",
            "in": "body",
            "required": true,
            "schema": {
              "$ref": "#/definitions/RequestModel"
            }
          }
        ],
        "responses": {
          "200": {
            "description": "OK",
            "schema": {
              "$ref": "#/definitions/Object"
            }
          }
        }
      }
    },
    "/ExternalSource/GetExternalDataSource": {
      "get": {
        "tags": [
          "ExternalSource"
        ],
        "summary": "Get external Data Source",
        "operationId": "ExternalSource_GetExternalDataSource",
        "produces": [
          "application/json",
          "text/json"
        ],
        "parameters": [
          {
            "type": "string",
            "name": "datasource",
            "in": "query",
            "description": "Data Source Name"
          }
        ],
        "responses": {
          "200": {
            "description": "Event Reason Summaries []",
            "schema": {
              "$ref": "#/definitions/Object"
            }
          },
          "400": {
            "description": "Invalid tag value"
          }
        }
      }
    },
    "/history/GetAssetAttributeValuesByFilters": {
      "post": {
        "tags": [
          "History"
        ],
        "summary": "Gets the current value in sentinel",
        "operationId": "History_GetAssetAttributeValuesByFilters",
        "consumes": [
          "application/json",
          "text/json",
          "application/x-www-form-urlencoded"
        ],
        "produces": [
          "application/json",
          "text/json"
        ],
        "parameters": [
          {
            "name": "request",
            "in": "body",
            "required": true,
            "description": "Input Request for the filtering the data",
            "schema": {
              "$ref": "#/definitions/GetAssetAttributeValuesByFiltersRequest"
            }
          }
        ],
        "responses": {
          "200": {
            "description": "OK",
            "schema": {
              "$ref": "#/definitions/Object"
            }
          }
        }
      }
    },
    "/history/GetAttributesTrendDataForUI": {
      "post": {
        "tags": [
          "History"
        ],
        "summary": "Gets the trend data for given asset from the sentinel",
        "operationId": "History_GetAttributesTrendDataForUI",
        "consumes": [
          "application/json",
          "text/json",
          "application/x-www-form-urlencoded"
        ],
        "produces": [
          "application/json",
          "text/json"
        ],
        "parameters": [
          {
            "name": "request",
            "in": "body",
            "required": true,
            "description": "Input Request for the filtering the data",
            "schema": {
              "$ref": "#/definitions/AttributeTrendsRequest"
            }
          }
        ],
        "responses": {
          "200": {
            "description": "OK",
            "schema": {
              "$ref": "#/definitions/Object"
            }
          }
        }
      }
    },
    "/ModelService/GetEventReasons": {
      "get": {
        "tags": [
          "ModelService"
        ],
        "summary": "Get event reasons",
        "operationId": "ModelService_GetEventReasons",
        "produces": [
          "application/json",
          "text/json"
        ],
        "parameters": [
          {
            "type": "boolean",
            "name": "applyExclusions",
            "in": "query",
            "description": "System.Boolean"
          },
          {
            "type": "array",
            "name": "faultCategories",
            "in": "query",
            "description": "Fault Category []",
            "collectionFormat": "multi",
            "items": {}
          },
          {
            "type": "string",
            "name": "equipmentTypeNameFilter.filterTerm",
            "in": "query"
          },
          {
            "type": "integer",
            "name": "equipmentTypeNameFilter.filterType",
            "in": "query",
            "format": "int32",
            "enum": [
              0,
              1,
              2,
              3
            ]
          }
        ],
        "responses": {
          "200": {
            "description": "Event Reason Summaries []",
            "schema": {
              "$ref": "#/definitions/Object"
            }
          },
          "400": {
            "description": "Invalid tag value"
          }
        }
      }
    },
    "/ModelService/GetAllEventCategorySummaries": {
      "get": {
        "tags": [
          "ModelService"
        ],
        "summary": "Get All EventCategory Summaries",
        "operationId": "ModelService_GetAllEventCategorySummaries",
        "produces": [
          "application/json",
          "text/json"
        ],
        "parameters": [
          {
            "type": "array",
            "name": "faultCategories",
            "in": "query",
            "description": "Fault Category []",
            "collectionFormat": "multi",
            "items": {}
          }
        ],
        "responses": {
          "200": {
            "description": "Get All Event Category Summaries []",
            "schema": {
              "$ref": "#/definitions/Object"
            }
          },
          "400": {
            "description": "Invalid tag value"
          }
        }
      }
    },
    "/ModelService/GetAssociatedModel": {
      "get": {
        "tags": [
          "ModelService"
        ],
        "summary": "Get associated Models",
        "operationId": "ModelService_GetAssociatedModel",
        "produces": [
          "application/json",
          "text/json"
        ],
        "parameters": [
          {
            "type": "string",
            "name": "assetName",
            "in": "query",
            "description": "assetName"
          },
          {
            "type": "boolean",
            "name": "isActive",
            "in": "query",
            "description": "isActive"
          }
        ],
        "responses": {
          "405": {
            "description": "Invalid input"
          }
        }
      }
    },
    "/ModelService/SaveEventReasonSummaries": {
      "post": {
        "tags": [
          "ModelService"
        ],
        "summary": "Save Event Reason Summaries",
        "operationId": "ModelService_SaveEventReasonSummaries",
        "consumes": [
          "application/json",
          "text/json",
          "application/x-www-form-urlencoded"
        ],
        "produces": [
          "application/json",
          "text/json"
        ],
        "parameters": [
          {
            "name": "eventReasonSummaries",
            "in": "body",
            "required": true,
            "description": "EventReasonSummaries[]",
            "schema": {
              "type": "array",
              "items": {
                "$ref": "#/definitions/EventReasonSummary"
              }
            }
          },
          {
            "type": "string",
            "name": "username",
            "in": "query",
            "description": "String UserName"
          }
        ],
        "responses": {
          "405": {
            "description": "Invalid input"
          }
        }
      }
    },
    "/ModelService/SaveEventCategories": {
      "post": {
        "tags": [
          "ModelService"
        ],
        "summary": "Save Event Categories",
        "operationId": "ModelService_SaveEventCategories",
        "consumes": [
          "application/json",
          "text/json",
          "application/x-www-form-urlencoded"
        ],
        "produces": [
          "application/json",
          "text/json"
        ],
        "parameters": [
          {
            "name": "eventCategorySummaries",
            "in": "body",
            "required": true,
            "description": "EventCategorySummaries[]",
            "schema": {
              "type": "array",
              "items": {
                "$ref": "#/definitions/EventCategorySummary"
              }
            }
          }
        ],
        "responses": {
          "200": {
            "description": "Save Event Category Summaries []",
            "schema": {
              "$ref": "#/definitions/Object"
            }
          },
          "405": {
            "description": "Invalid input"
          }
        }
      }
    },
    "/ModelService/GetAssetTypesAndModels": {
      "post": {
        "tags": [
          "ModelService"
        ],
        "summary": "GetAssetTypesAndModels",
        "operationId": "ModelService_GetAssetTypesAndModels",
        "consumes": [
          "application/json",
          "text/json",
          "application/x-www-form-urlencoded"
        ],
        "produces": [
          "application/json",
          "text/json"
        ],
        "parameters": [
          {
            "name": "typeNames",
            "in": "body",
            "required": true,
            "description": "List of Type Names",
            "schema": {
              "type": "array",
              "items": {
                "type": "string"
              }
            }
          }
        ],
        "responses": {
          "405": {
            "description": "Invalid input"
          }
        }
      }
    },
    "/ModelService/SaveSymptoms": {
      "post": {
        "tags": [
          "ModelService"
        ],
        "summary": "Save Symptoms",
        "operationId": "ModelService_SaveSymptoms",
        "consumes": [
          "application/json",
          "text/json",
          "application/x-www-form-urlencoded"
        ],
        "produces": [
          "application/json",
          "text/json"
        ],
        "parameters": [
          {
            "name": "type",
            "in": "body",
            "required": true,
            "description": "AssetType_AM",
            "schema": {
              "$ref": "#/definitions/AssetType_AM"
            }
          }
        ],
        "responses": {
          "405": {
            "description": "Invalid input"
          }
        }
      }
    },
    "/ModelService/ValidateExpression": {
      "post": {
        "tags": [
          "ModelService"
        ],
        "summary": "Validate the Expression",
        "operationId": "ModelService_ValidateExpression",
        "consumes": [
          "application/json",
          "text/json",
          "application/x-www-form-urlencoded"
        ],
        "produces": [
          "application/json",
          "text/json"
        ],
        "parameters": [
          {
            "name": "expressions",
            "in": "body",
            "required": true,
            "description": "string",
            "schema": {
              "type": "string"
            }
          }
        ],
        "responses": {
          "405": {
            "description": "Invalid input"
          }
        }
      }
    },
    "/SecurityMgmt/GetUserRolesTasksOperations": {
      "post": {
        "tags": [
          "Security"
        ],
        "summary": "Get Tasks and Operations for a particular roles",
        "operationId": "Security_GetUserRolesTasksOperations",
        "produces": [
          "application/json",
          "text/json"
        ],
        "parameters": [
          {
            "type": "string",
            "name": "name",
            "in": "query",
            "required": true,
            "description": "the name of the operation"
          },
          {
            "type": "string",
            "name": "group",
            "in": "query",
            "description": "group filter for operation"
          },
          {
            "type": "string",
            "name": "access",
            "in": "query",
            "description": "access filter for operation"
          }
        ],
        "responses": {
          "200": {
            "description": "Properties",
            "schema": {
              "$ref": "#/definitions/Object"
            }
          },
          "400": {
            "description": "Invalid value"
          }
        }
      }
    }
  },
  "definitions": {
    "Object": {
      "type": "object"
    },
    "AssetsMessage": {
      "type": "object",
      "properties": {
        "AssetList": {
          "type": "array",
          "items": {
            "$ref": "#/definitions/Asset"
          }
        }
      }
    },
    "Asset": {
      "type": "object",
      "properties": {
        "Name": {
          "type": "string"
        },
        "IsNew": {
          "type": "boolean"
        },
        "Attributes": {
          "type": "array",
          "items": {
            "$ref": "#/definitions/Attribute"
          }
        },
        "IsChanged": {
          "type": "boolean"
        },
        "AssetType": {
          "$ref": "#/definitions/AssetType"
        },
        "IsDeleted": {
          "type": "boolean"
        },
        "AssetChildren": {
          "type": "array",
          "items": {
            "$ref": "#/definitions/Asset"
          }
        },
        "Priority": {
          "type": "number",
          "format": "double"
        },
        "HealthIndex": {
          "type": "number",
          "format": "double"
        },
        "Criticality": {
          "type": "integer",
          "format": "int32"
        },
        "Parent": {
          "type": "string"
        },
        "Type": {
          "type": "string"
        },
        "HierarchyTree": {
          "type": "string"
        },
        "Performance": {
          "type": "integer",
          "format": "int32"
        },
        "Links": {
          "type": "array",
          "items": {
            "$ref": "#/definitions/Link"
          }
        },
        "Description": {
          "type": "string"
        },
        "Icon": {
          "type": "string"
        },
        "OverviewImage": {
          "type": "string"
        },
        "Path": {
          "type": "string"
        },
        "Comment": {
          "type": "string"
        },
        "Id": {
          "type": "string"
        },
        "Status": {
          "type": "integer",
          "format": "int32"
        },
        "LinkedAssetsIds": {
          "type": "string"
        },
        "Mode": {
          "type": "integer",
          "format": "int32"
        },
        "AssetIdentifier": {
          "type": "string"
        },
        "ConfirmStatus": {
          "type": "boolean"
        },
        "InheritStatus": {
          "type": "integer",
          "format": "int32"
        },
        "Owner": {
          "type": "string"
        },
        "AssociatedModeCategory": {
          "$ref": "#/definitions/ModeCategory"
        },
        "CurrentOperatingMode": {
          "$ref": "#/definitions/ModeType"
        },
        "ParentId": {
          "type": "string"
        },
        "Order": {
          "type": "integer",
          "format": "int32"
        },
        "InheritModeCategory": {
          "type": "boolean"
        },
        "ModeType": {
          "$ref": "#/definitions/ModeType"
        },
        "ModeCategory": {
          "$ref": "#/definitions/ModeCategory"
        },
        "DisplayName": {
          "type": "string"
        },
        "ActiveFaultsCount": {
          "type": "integer",
          "format": "int32"
        },
        "IncludeChildren": {
          "type": "boolean"
        },
        "SecurityCode": {
          "type": "string"
        },
        "HierarchyId": {
          "type": "string"
        },
        "FilterTag": {
          "type": "string"
        },
        "hasChildren": {
          "type": "boolean"
        },
        "ChildAssetsCount": {
          "type": "integer",
          "format": "int32"
        },
        "AssetTimezone": {
          "type": "string"
        },
        "Latitude": {
          "type": "number",
          "format": "double"
        },
        "Longitude": {
          "type": "number",
          "format": "double"
        },
        "Location": {
          "type": "string"
        },
        "AssetId": {
          "type": "string"
        },
        "HieracrhyTreeDisplayName": {
          "type": "string"
        },
        "ParentDisplayName": {
          "type": "string"
        },
        "AssetOrder": {
          "type": "integer",
          "format": "int32"
        },
        "IsAssetNameAutoGen": {
          "type": "boolean"
        },
        "DisplayNamePath": {
          "type": "string"
        }
      }
    },
    "Attribute": {
      "type": "object",
      "properties": {
        "Name": {
          "type": "string"
        },
        "Type": {
          "type": "string"
        },
        "ReadOPCDataSource": {
          "type": "string"
        },
        "ReadOPCTagName": {
          "type": "string"
        },
        "AttributeValue": {
          "type": "string"
        },
        "WriteOPCDataSource": {
          "type": "string"
        },
        "WriteOPCTagName": {
          "type": "string"
        },
        "Variable": {
          "$ref": "#/definitions/Variable"
        },
        "Id": {
          "type": "string"
        },
        "WriteHDAServer": {
          "type": "string"
        },
        "WriteHDATagName": {
          "type": "string"
        },
        "DisplayName": {
          "type": "string"
        },
        "TabularDataColumns": {
          "type": "array",
          "items": {
            "$ref": "#/definitions/TabularDataColumn"
          }
        },
        "MaximumEngineeredRange": {
          "type": "string"
        },
        "MinimumEngineeredRange": {
          "type": "string"
        },
        "FilterTag": {
          "type": "string"
        },
        "AssetName": {
          "type": "string"
        },
        "AssetId": {
          "type": "string"
        },
        "UOMInfo": {
          "$ref": "#/definitions/UOMsData"
        }
      }
    },
    "AssetType": {
      "type": "object",
      "properties": {
        "Name": {
          "type": "string"
        },
        "IsNew": {
          "type": "boolean"
        },
        "AssetClass": {
          "$ref": "#/definitions/AssetClass"
        },
        "IsChanged": {
          "type": "boolean"
        },
        "Description": {
          "type": "string"
        },
        "IsDeleted": {
          "type": "boolean"
        },
        "Criticality": {
          "type": "integer",
          "format": "int32"
        },
        "Icon": {
          "type": "string"
        },
        "OverviewImage": {
          "type": "string"
        },
        "Path": {
          "type": "string"
        },
        "Id": {
          "type": "string"
        },
        "SubsystemTypes": {
          "type": "array",
          "items": {
            "$ref": "#/definitions/AssetType"
          }
        },
        "Attributes": {
          "type": "array",
          "items": {
            "$ref": "#/definitions/Attribute"
          }
        },
        "Variables": {
          "type": "array",
          "items": {
            "$ref": "#/definitions/Variable"
          }
        },
        "DisplayName": {
          "type": "string"
        },
        "LinkTemplates": {
          "type": "array",
          "items": {
            "$ref": "#/definitions/Link"
          }
        },
        "FilterTag": {
          "type": "string"
        },
        "ImageContent": {
          "type": "string"
        },
        "ParentAssetTypeName": {
          "type": "string"
        },
        "ParentAssetTypePath": {
          "type": "string"
        }
      }
    },
    "Link": {
      "type": "object",
      "properties": {
        "DisplayName": {
          "type": "string"
        },
        "Description": {
          "type": "string"
        },
        "LinkType": {
          "type": "integer",
          "format": "int32"
        },
        "Category": {
          "type": "integer",
          "format": "int32"
        },
        "Uri": {
          "type": "string"
        },
        "Parameters": {
          "type": "string"
        },
        "Name": {
          "type": "string"
        }
      }
    },
    "ModeCategory": {
      "type": "object",
      "properties": {
        "Name": {
          "type": "string"
        },
        "IsNew": {
          "type": "boolean"
        },
        "Description": {
          "type": "string"
        },
        "IsChanged": {
          "type": "boolean"
        },
        "Id": {
          "type": "string"
        },
        "IsDeleted": {
          "type": "boolean"
        },
        "DisplayName": {
          "type": "string"
        }
      }
    },
    "ModeType": {
      "type": "object",
      "properties": {
        "Name": {
          "type": "string"
        },
        "IsNew": {
          "type": "boolean"
        },
        "Description": {
          "type": "string"
        },
        "IsChanged": {
          "type": "boolean"
        },
        "Feed": {
          "type": "string"
        },
        "IsDeleted": {
          "type": "boolean"
        },
        "Product": {
          "type": "string"
        },
        "Id": {
          "type": "string"
        },
        "OperatingPhase": {
          "type": "string"
        },
        "DisplayName": {
          "type": "string"
        }
      }
    },
    "Variable": {
      "type": "object",
      "properties": {
        "Name": {
          "type": "string"
        },
        "Description": {
          "type": "string"
        },
        "DataType": {
          "type": "integer",
          "format": "int32"
        },
        "DefaultValue": {
          "type": "string"
        },
        "IsEvent": {
          "type": "boolean"
        },
        "IsSave": {
          "type": "boolean"
        },
        "AttributeCategory": {
          "$ref": "#/definitions/AttributeCategory"
        },
        "AttributeTrendType": {
          "type": "integer",
          "format": "int32"
        },
        "Id": {
          "type": "string"
        },
        "LimitCategory": {
          "$ref": "#/definitions/LimitCategory"
        },
        "DisplayName": {
          "type": "string"
        },
        "FilterCategory": {
          "type": "string"
        },
        "AssetType": {
          "type": "string"
        },
        "FilterTag": {
          "type": "string"
        },
        "UOMInfo": {
          "$ref": "#/definitions/UOMsData"
        }
      }
    },
    "TabularDataColumn": {
      "type": "object",
      "properties": {
        "ColumnName": {
          "type": "string"
        },
        "Values": {
          "type": "array",
          "items": {
            "type": "string"
          }
        },
        "DataType": {
          "type": "integer",
          "format": "int32"
        },
        "IsVariable": {
          "type": "boolean"
        },
        "Variable": {
          "$ref": "#/definitions/Variable"
        }
      }
    },
    "UOMsData": {
      "type": "object",
      "properties": {
        "Description": {
          "type": "string"
        },
        "IsNew": {
          "type": "boolean"
        },
        "Name": {
          "type": "string"
        },
        "IsChanged": {
          "type": "boolean"
        },
        "UnitID": {
          "type": "string"
        },
        "IsDeleted": {
          "type": "boolean"
        },
        "UOMId": {
          "type": "string"
        },
        "Units": {
          "type": "string"
        },
        "UOMCLId": {
          "type": "integer",
          "format": "int32"
        },
        "Label": {
          "type": "string"
        },
        "UOMTypesData": {
          "$ref": "#/definitions/UOMTypesData"
        }
      }
    },
    "AssetClass": {
      "type": "object",
      "properties": {
        "Name": {
          "type": "string"
        },
        "IsNew": {
          "type": "boolean"
        },
        "Description": {
          "type": "string"
        },
        "IsChanged": {
          "type": "boolean"
        },
        "Limit": {
          "type": "integer",
          "format": "int32"
        },
        "IsDeleted": {
          "type": "boolean"
        },
        "AssetTypes": {
          "type": "array",
          "items": {
            "$ref": "#/definitions/AssetType"
          }
        },
        "Icon": {
          "type": "string"
        },
        "ImportantIcon": {
          "type": "string"
        },
        "UrgentIcon": {
          "type": "string"
        },
        "UnmonitoredIcon": {
          "type": "string"
        },
        "Path": {
          "type": "string"
        },
        "Id": {
          "type": "string"
        },
        "DisplayName": {
          "type": "string"
        },
        "FilterTag": {
          "type": "string"
        },
        "EquipmentCategory": {
          "$ref": "#/definitions/EquipmentCategory"
        },
        "ImageContent": {
          "type": "string"
        }
      }
    },
    "AttributeCategory": {
      "type": "object",
      "properties": {
        "Name": {
          "type": "string"
        },
        "IsNew": {
          "type": "boolean"
        },
        "DisplayName": {
          "type": "string"
        },
        "IsChanged": {
          "type": "boolean"
        },
        "AttributeCategoryId": {
          "type": "string"
        },
        "IsDeleted": {
          "type": "boolean"
        },
        "Description": {
          "type": "string"
        }
      }
    },
    "LimitCategory": {
      "type": "object",
      "properties": {
        "Name": {
          "type": "string"
        },
        "IsNew": {
          "type": "boolean"
        },
        "Description": {
          "type": "string"
        },
        "IsChanged": {
          "type": "boolean"
        },
        "Id": {
          "type": "string"
        },
        "IsDeleted": {
          "type": "boolean"
        },
        "LimitLevel": {
          "type": "integer",
          "format": "int32"
        },
        "DisplayName": {
          "type": "string"
        }
      }
    },
    "UOMTypesData": {
      "type": "object",
      "properties": {
        "Name": {
          "type": "string"
        },
        "IsNew": {
          "type": "boolean"
        },
        "Label": {
          "type": "string"
        },
        "IsChanged": {
          "type": "boolean"
        },
        "UOMTypeId": {
          "type": "string"
        },
        "IsDeleted": {
          "type": "boolean"
        }
      }
    },
    "EquipmentCategory": {
      "type": "object",
      "properties": {
        "Name": {
          "type": "string"
        },
        "IsNew": {
          "type": "boolean"
        },
        "Description": {
          "type": "string"
        },
        "IsChanged": {
          "type": "boolean"
        },
        "Id": {
          "type": "string"
        },
        "IsDeleted": {
          "type": "boolean"
        },
        "DisplayName": {
          "type": "string"
        },
        "FilterTag": {
          "type": "string"
        }
      }
    },
    "Asset_AM": {
      "type": "object",
      "properties": {
        "MaintenanceStatus": {
          "type": "integer",
          "format": "int32"
        },
        "Name": {
          "type": "string"
        },
        "IsNew": {
          "type": "boolean"
        },
        "Attributes": {
          "type": "array",
          "items": {
            "$ref": "#/definitions/Attribute"
          }
        },
        "IsChanged": {
          "type": "boolean"
        },
        "AssetType": {
          "$ref": "#/definitions/AssetType"
        },
        "IsDeleted": {
          "type": "boolean"
        },
        "AssetChildren": {
          "type": "array",
          "items": {
            "$ref": "#/definitions/Asset"
          }
        },
        "Priority": {
          "type": "number",
          "format": "double"
        },
        "HealthIndex": {
          "type": "number",
          "format": "double"
        },
        "Criticality": {
          "type": "integer",
          "format": "int32"
        },
        "Parent": {
          "type": "string"
        },
        "Type": {
          "type": "string"
        },
        "HierarchyTree": {
          "type": "string"
        },
        "Performance": {
          "type": "integer",
          "format": "int32"
        },
        "Links": {
          "type": "array",
          "items": {
            "$ref": "#/definitions/Link"
          }
        },
        "Description": {
          "type": "string"
        },
        "Icon": {
          "type": "string"
        },
        "OverviewImage": {
          "type": "string"
        },
        "Path": {
          "type": "string"
        },
        "AssignedModels": {
          "type": "array",
          "items": {
            "type": "string"
          }
        },
        "Comment": {
          "type": "string"
        },
        "Id": {
          "type": "string"
        },
        "Status": {
          "type": "integer",
          "format": "int32"
        },
        "LinkedAssetsIds": {
          "type": "string"
        },
        "Mode": {
          "type": "integer",
          "format": "int32"
        },
        "AssetIdentifier": {
          "type": "string"
        },
        "ConfirmStatus": {
          "type": "boolean"
        },
        "InheritStatus": {
          "type": "integer",
          "format": "int32"
        },
        "Owner": {
          "type": "string"
        },
        "AssociatedModeCategory": {
          "$ref": "#/definitions/ModeCategory"
        },
        "CurrentOperatingMode": {
          "$ref": "#/definitions/ModeType"
        },
        "ParentId": {
          "type": "string"
        },
        "Order": {
          "type": "integer",
          "format": "int32"
        },
        "InheritModeCategory": {
          "type": "boolean"
        },
        "Location_AM": {
          "$ref": "#/definitions/Location_AM"
        },
        "ModeType": {
          "$ref": "#/definitions/ModeType"
        },
        "ModeCategory": {
          "$ref": "#/definitions/ModeCategory"
        },
        "DisplayName": {
          "type": "string"
        },
        "ActiveFaultsCount": {
          "type": "integer",
          "format": "int32"
        },
        "IncludeChildren": {
          "type": "boolean"
        },
        "SecurityCode": {
          "type": "string"
        },
        "HierarchyId": {
          "type": "string"
        },
        "AssignedModelSchedules": {
          "type": "array",
          "items": {
            "$ref": "#/definitions/AssignedModelSchedule"
          }
        },
        "FilterTag": {
          "type": "string"
        },
        "hasChildren": {
          "type": "boolean"
        },
        "ChildAssetsCount": {
          "type": "integer",
          "format": "int32"
        },
        "AssetTimezone": {
          "type": "string"
        },
        "Latitude": {
          "type": "number",
          "format": "double"
        },
        "Longitude": {
          "type": "number",
          "format": "double"
        },
        "Location": {
          "type": "string"
        },
        "AssetId": {
          "type": "string"
        },
        "HieracrhyTreeDisplayName": {
          "type": "string"
        },
        "ParentDisplayName": {
          "type": "string"
        },
        "AssetOrder": {
          "type": "integer",
          "format": "int32"
        },
        "IsAssetNameAutoGen": {
          "type": "boolean"
        },
        "DisplayNamePath": {
          "type": "string"
        }
      }
    },
    "Location_AM": {
      "type": "object",
      "properties": {
        "Name": {
          "type": "string"
        },
        "Id": {
          "type": "string"
        },
        "IsAssociate": {
          "type": "boolean"
        }
      }
    },
    "AssignedModelSchedule": {
      "type": "object",
      "properties": {
        "AnchorDay": {
          "type": "integer",
          "format": "int32"
        },
        "AnchorHour": {
          "type": "integer",
          "format": "int32"
        },
        "AnchorMinute": {
          "type": "integer",
          "format": "int32"
        },
        "AnchorMonth": {
          "type": "integer",
          "format": "int32"
        },
        "IntervalAmount": {
          "type": "integer",
          "format": "int32"
        },
        "IntervalType": {
          "type": "integer",
          "format": "int32"
        },
        "TimeZoneInfo": {
          "type": "string"
        },
        "Model": {
          "type": "string"
        },
        "AnchorYear": {
          "type": "integer",
          "format": "int32"
        },
        "ScheduleMode": {
          "type": "integer",
          "format": "int32",
          "enum": [
            0,
            1,
            2
          ]
        },
        "ModelInstanceName": {
          "type": "string"
        },
        "Active": {
          "type": "boolean"
        },
        "MinimumExecutionIntervalMilliseconds": {
          "type": "integer",
          "format": "int32"
        },
        "SlowChangingInputName": {
          "type": "string"
        },
        "DataDrivenInputNames": {
          "type": "array",
          "items": {
            "type": "string"
          }
        },
        "MaximumDeferredMinutes": {
          "type": "integer",
          "format": "int32"
        },
        "SlowChangingUseInterpolate": {
          "type": "boolean"
        },
        "SlowChangingPointCount": {
          "type": "integer",
          "format": "int32"
        }
      }
    },
    "PortMapping": {
      "type": "object",
      "properties": {
        "OperationInstanceName": {
          "type": "string"
        },
        "PortName": {
          "type": "string"
        },
        "ValueType": {
          "type": "integer",
          "format": "int32",
          "enum": [
            0,
            1,
            2,
            4,
            8,
            16,
            32,
            64,
            128,
            512,
            8192,
            8193,
            8200,
            8256,
            8705,
            8712,
            16384
          ]
        },
        "DataDirection": {
          "type": "integer",
          "format": "int32",
          "enum": [
            0,
            1,
            2
          ]
        },
        "PortMapDefinition": {
          "$ref": "#/definitions/PortMapDefinition"
        },
        "UOM": {
          "type": "string"
        },
        "RelatedAsset": {
          "type": "string"
        },
        "RelatedAssetType": {
          "type": "string"
        },
        "RelatedOperation": {
          "type": "string"
        },
        "MappingName": {
          "type": "string"
        },
        "PortMappingSource": {
          "type": "integer",
          "format": "int32",
          "enum": [
            0,
            1,
            2
          ]
        },
        "IsNew": {
          "type": "boolean"
        },
        "IsChanged": {
          "type": "boolean"
        },
        "IsDeleted": {
          "type": "boolean"
        }
      }
    },
    "PortMapDefinition": {
      "type": "object",
      "properties": {
        "Mapping": {
          "$ref": "#/definitions/MappingDestination"
        },
        "OperationPort": {
          "$ref": "#/definitions/OperationPort"
        },
        "MappingType": {
          "type": "integer",
          "format": "int32",
          "enum": [
            0,
            1,
            2,
            3,
            4,
            5,
            6
          ]
        }
      }
    },
    "MappingDestination": {
      "type": "object",
      "properties": {
        "UOM": {
          "type": "string"
        },
        "ValueType": {
          "type": "integer",
          "format": "int32",
          "enum": [
            0,
            1,
            2,
            4,
            8,
            16,
            32,
            64,
            128,
            512,
            8192,
            8193,
            8200,
            8256,
            8705,
            8712,
            16384
          ]
        }
      }
    },
    "OperationPort": {
      "type": "object",
      "properties": {
        "CalculationInstanceName": {
          "type": "string"
        },
        "PortName": {
          "type": "string"
        },
        "UOM": {
          "type": "string"
        },
        "ValueType": {
          "type": "integer",
          "format": "int32",
          "enum": [
            0,
            1,
            2,
            4,
            8,
            16,
            32,
            64,
            128,
            512,
            8192,
            8193,
            8200,
            8256,
            8705,
            8712,
            16384
          ]
        },
        "MappingName": {
          "type": "string"
        },
        "Direction": {
          "type": "integer",
          "format": "int32",
          "enum": [
            0,
            1,
            2
          ]
        }
      }
    },
    "EquipmentGroupingEntry": {
      "type": "object",
      "properties": {
        "EquipmentName": {
          "type": "string"
        },
        "IsNew": {
          "type": "boolean"
        },
        "ServerName": {
          "type": "string"
        },
        "IsChanged": {
          "type": "boolean"
        },
        "GroupNumber": {
          "type": "integer",
          "format": "int32"
        },
        "IsDeleted": {
          "type": "boolean"
        }
      }
    },
    "AssetAttribPropDetails": {
      "type": "object",
      "properties": {
        "AssetName": {
          "type": "string"
        },
        "AssetId": {
          "type": "string"
        },
        "AssetDisplayName": {
          "type": "string"
        },
        "FilterTag": {
          "type": "string"
        },
        "AttribPropertyDetailsList": {
          "type": "array",
          "items": {
            "$ref": "#/definitions/AttribPropertyDetails"
          }
        }
      }
    },
    "AttribPropertyDetails": {
      "type": "object",
      "properties": {
        "ValueRef": {
          "type": "string"
        },
        "ReadOpcServer": {
          "type": "string"
        },
        "DASServerName": {
          "type": "string"
        },
        "DASTagName": {
          "type": "string"
        },
        "EngineeringMin": {
          "type": "string"
        },
        "EngineeringMax": {
          "type": "string"
        },
        "FullyQualifiedDASTag": {
          "type": "string"
        },
        "AttributeType": {
          "$ref": "#/definitions/AttribType"
        },
        "FilterTag": {
          "type": "string"
        },
        "AttributeProperty": {
          "$ref": "#/definitions/AttribProperty"
        },
        "DataType": {
          "type": "integer",
          "format": "int32"
        },
        "UOM": {
          "type": "string"
        },
        "UOMName": {
          "type": "string"
        },
        "PreserveLastState": {
          "type": "boolean"
        },
        "DefaultHistorize": {
          "type": "boolean"
        },
        "IsNew": {
          "type": "boolean"
        },
        "IsChanged": {
          "type": "boolean"
        },
        "IsDeleted": {
          "type": "boolean"
        }
      }
    },
    "AttribType": {
      "type": "object",
      "properties": {
        "Name": {
          "type": "string"
        },
        "IsNew": {
          "type": "boolean"
        },
        "DisplayName": {
          "type": "string"
        },
        "IsChanged": {
          "type": "boolean"
        },
        "Description": {
          "type": "string"
        },
        "IsDeleted": {
          "type": "boolean"
        },
        "FilterTag": {
          "type": "string"
        },
        "AttributeTypeId": {
          "type": "string"
        },
        "AttributeCategory": {
          "$ref": "#/definitions/AttributeCategory"
        },
        "DataType": {
          "type": "integer",
          "format": "int32"
        },
        "UOM": {
          "type": "string"
        },
        "DefaultValue": {
          "type": "string"
        },
        "UOM_PK_ID": {
          "type": "string"
        },
        "UOMName": {
          "type": "string"
        },
        "PreserveLastState": {
          "type": "boolean"
        },
        "DefaultHistorize": {
          "type": "boolean"
        }
      }
    },
    "AttribProperty": {
      "type": "object",
      "properties": {
        "Name": {
          "type": "string"
        },
        "IsNew": {
          "type": "boolean"
        },
        "AttributePropertyId": {
          "type": "string"
        },
        "IsChanged": {
          "type": "boolean"
        },
        "Description": {
          "type": "string"
        },
        "IsDeleted": {
          "type": "boolean"
        },
        "DisplayName": {
          "type": "string"
        },
        "FilterLabel": {
          "type": "string"
        },
        "AttribType": {
          "$ref": "#/definitions/AttribType"
        },
        "DataType": {
          "type": "integer",
          "format": "int32"
        },
        "UOM_PK_ID": {
          "type": "string"
        },
        "UOM": {
          "type": "string"
        }
      }
    },
    "ChangeInstanceStateRequest": {
      "type": "object",
      "properties": {
        "AssetName": {
          "type": "string"
        },
        "OperationId": {
          "type": "string"
        },
        "NewState": {
          "type": "boolean"
        },
        "Schedule": {
          "$ref": "#/definitions/AssignedModelSchedule"
        },
        "EquipmentOperationId": {
          "type": "string"
        },
        "InstanceName": {
          "type": "string"
        },
        "DisplayName": {
          "type": "string"
        },
        "Description": {
          "type": "string"
        },
        "RelateToEquipmentTypeOperation": {
          "type": "boolean"
        }
      }
    },
    "PortMappingsRequest": {
      "type": "object",
      "properties": {
        "PortMappings": {
          "type": "array",
          "items": {
            "$ref": "#/definitions/PortsMapping"
          }
        }
      }
    },
    "PortsMapping": {
      "type": "object",
      "properties": {
        "PortName": {
          "type": "string"
        },
        "OperationInstanceName": {
          "type": "string"
        },
        "DataDirection": {
          "type": "integer",
          "format": "int32",
          "enum": [
            0,
            1,
            2
          ]
        },
        "MappingType": {
          "type": "integer",
          "format": "int32",
          "enum": [
            0,
            1,
            2,
            3,
            4,
            5,
            6
          ]
        },
        "Value": {
          "type": "string"
        },
        "ValueType": {
          "type": "integer",
          "format": "int32",
          "enum": [
            0,
            1,
            2,
            4,
            8,
            16,
            32,
            64,
            128,
            512,
            8192,
            8193,
            8200,
            8256,
            8705,
            8712,
            16384
          ]
        },
        "RelatedAsset": {
          "type": "string"
        },
        "RelatedOperation": {
          "type": "string"
        }
      }
    },
    "RequestModel": {
      "type": "object",
      "description": "This is request model for the execution service",
      "properties": {
        "varexp": {
          "type": "integer",
          "description": "Variable experience",
          "format": "int32"
        },
        "batchsize": {
          "type": "integer",
          "description": "Batch size",
          "format": "int32"
        },
        "interval": {
          "type": "integer",
          "description": "Time interval",
          "format": "int32"
        },
        "lagdelay": {
          "type": "integer",
          "description": "Lagdelay",
          "format": "int32"
        },
        "order": {
          "type": "integer",
          "description": "Order",
          "format": "int32"
        },
        "projectname": {
          "type": "string",
          "description": "Project name"
        },
        "modelName": {
          "type": "string",
          "description": "Model name"
        },
        "AssetName": {
          "type": "string",
          "description": "Asset name"
        },
        "CalcModelName": {
          "type": "string",
          "description": "Sentinel calculation name"
        },
        "StartTime": {
          "type": "string",
          "description": "Start time",
          "format": "date-time"
        },
        "EndTime": {
          "type": "string",
          "description": "End time",
          "format": "date-time"
        }
      }
    },
    "GetAssetAttributeValuesByFiltersRequest": {
      "type": "object",
      "properties": {
        "AssetName": {
          "type": "string"
        },
        "HierarchyName": {
          "type": "string"
        },
        "CategoryNames": {
          "type": "array",
          "items": {
            "type": "string"
          }
        },
        "FilterLabels": {
          "type": "array",
          "items": {
            "type": "string"
          }
        },
        "LoadChildren": {
          "type": "boolean"
        },
        "PageCount": {
          "type": "integer",
          "format": "int32"
        },
        "PageIndex": {
          "type": "integer",
          "format": "int32"
        },
        "PerformanceTemplate": {
          "type": "string"
        },
        "SearchFilter": {
          "type": "string"
        },
        "SortColumn": {
          "type": "string"
        },
        "SortAscending": {
          "type": "boolean"
        }
      }
    },
    "AttributeTrendsRequest": {
      "type": "object",
      "properties": {
        "AssetName": {
          "type": "string"
        },
        "AttributeNames": {
          "type": "array",
          "items": {
            "type": "string"
          }
        },
        "FromDate": {
          "type": "string",
          "format": "date-time"
        },
        "ToDate": {
          "type": "string",
          "format": "date-time"
        },
        "Options": {
          "$ref": "#/definitions/Options"
        }
      }
    },
    "Options": {
      "type": "object",
      "properties": {
        "OffSetInMinutes": {
          "type": "integer",
          "format": "int32"
        },
        "MaxPoints": {
          "type": "integer",
          "format": "int32"
        },
        "ReturnOnlyGoodData": {
          "type": "boolean"
        },
        "ExcludeNaN": {
          "type": "boolean"
        },
        "Aggregate": {
          "type": "integer",
          "format": "int32",
          "enum": [
            0,
            1,
            2
          ]
        }
      }
    },
    "StringFilter": {
      "type": "object",
      "properties": {
        "FilterTerm": {
          "type": "string"
        },
        "FilterType": {
          "type": "integer",
          "format": "int32",
          "enum": [
            0,
            1,
            2,
            3
          ]
        }
      }
    },
    "IFilter": {
      "type": "object",
      "properties": {
        "IsFilter": {
          "type": "boolean",
          "readOnly": true
        }
      }
    },
    "EventReasonSummary": {
      "type": "object",
      "properties": {
        "Id": {
          "type": "integer",
          "format": "int64"
        },
        "Reason": {
          "type": "string"
        },
        "CreatedDateUtc": {
          "type": "string",
          "format": "date-time"
        },
        "ModifiedDateUtc": {
          "type": "string",
          "format": "date-time"
        },
        "ModifiedUser": {
          "type": "string"
        },
        "EventCauseSummaries": {
          "type": "array",
          "items": {
            "$ref": "#/definitions/EventCauseSummary"
          }
        },
        "EventCategoryAssociations": {
          "type": "array",
          "items": {
            "$ref": "#/definitions/EventCategoryReasonAssociation"
          }
        },
        "SummarySaveType": {
          "type": "integer",
          "format": "int32",
          "enum": [
            0,
            1,
            2,
            3
          ]
        }
      }
    },
    "EventCauseSummary": {
      "type": "object",
      "properties": {
        "Id": {
          "type": "integer",
          "format": "int64"
        },
        "CausesTemplate": {
          "type": "string"
        },
        "ConsequencesTemplate": {
          "type": "string"
        },
        "RecommendationsTemplate": {
          "type": "string"
        },
        "CreatedDateUtc": {
          "type": "string",
          "format": "date-time"
        },
        "ModifiedDateUtc": {
          "type": "string",
          "format": "date-time"
        },
        "ModifiedUser": {
          "type": "string"
        },
        "EquipmentTypeAssociations": {
          "type": "array",
          "items": {
            "$ref": "#/definitions/EquipmentTypeEventCauseAssociation"
          }
        },
        "EquipmentClassAssociations": {
          "type": "array",
          "items": {
            "$ref": "#/definitions/EquipmentClassEventCauseAssociation"
          }
        },
        "SummarySaveType": {
          "type": "integer",
          "format": "int32",
          "enum": [
            0,
            1,
            2,
            3
          ]
        }
      }
    },
    "EventCategoryReasonAssociation": {
      "type": "object",
      "properties": {
        "Id": {
          "type": "integer",
          "format": "int64"
        },
        "EventCategorySummary": {
          "$ref": "#/definitions/EventCategorySummary"
        },
        "SummarySaveType": {
          "type": "integer",
          "format": "int32",
          "enum": [
            0,
            1,
            2,
            3
          ]
        }
      }
    },
    "EquipmentTypeEventCauseAssociation": {
      "type": "object",
      "properties": {
        "Id": {
          "type": "integer",
          "format": "int64"
        },
        "EquipmentTypeSummary": {
          "$ref": "#/definitions/EquipmentTypeSummary"
        },
        "Excluded": {
          "type": "boolean"
        },
        "SummarySaveType": {
          "type": "integer",
          "format": "int32",
          "enum": [
            0,
            1,
            2,
            3
          ]
        }
      }
    },
    "EquipmentClassEventCauseAssociation": {
      "type": "object",
      "properties": {
        "Id": {
          "type": "integer",
          "format": "int64"
        },
        "EquipmentClassSummary": {
          "$ref": "#/definitions/EquipmentClassSummary"
        },
        "Excluded": {
          "type": "boolean"
        },
        "SummarySaveType": {
          "type": "integer",
          "format": "int32",
          "enum": [
            0,
            1,
            2,
            3
          ]
        }
      }
    },
    "EventCategorySummary": {
      "type": "object",
      "properties": {
        "EventTypeSummary": {
          "$ref": "#/definitions/EventTypeSummary"
        },
        "SummarySaveType": {
          "type": "integer",
          "format": "int32",
          "enum": [
            0,
            1,
            2,
            3
          ]
        },
        "Id": {
          "type": "string"
        },
        "Name": {
          "type": "string"
        },
        "Description": {
          "type": "string"
        },
        "CategoryIndex": {
          "type": "integer",
          "format": "int32"
        }
      }
    },
    "EquipmentTypeSummary": {
      "type": "object",
      "properties": {
        "EquipmentClassSummary": {
          "$ref": "#/definitions/EquipmentClassSummary"
        },
        "AttributeSummaries": {
          "type": "object",
          "additionalProperties": {
            "$ref": "#/definitions/AttributeSummary"
          }
        },
        "Id": {
          "type": "string"
        },
        "Name": {
          "type": "string"
        },
        "DisplayName": {
          "type": "string"
        }
      }
    },
    "EquipmentClassSummary": {
      "type": "object",
      "properties": {
        "Id": {
          "type": "string"
        },
        "Name": {
          "type": "string"
        },
        "DisplayName": {
          "type": "string"
        }
      }
    },
    "EventTypeSummary": {
      "type": "object",
      "properties": {
        "Id": {
          "type": "string"
        },
        "Name": {
          "type": "string"
        },
        "Description": {
          "type": "string"
        },
        "TypeIndex": {
          "type": "integer",
          "format": "int32"
        },
        "SummarySaveType": {
          "type": "integer",
          "format": "int32",
          "enum": [
            0,
            1,
            2,
            3
          ]
        }
      }
    },
    "AttributeSummary": {
      "type": "object",
      "properties": {
        "Id": {
          "type": "string"
        },
        "Name": {
          "type": "string"
        },
        "DisplayName": {
          "type": "string"
        },
        "IsTrendable": {
          "type": "boolean"
        },
        "UOMName": {
          "type": "string"
        },
        "PropertySummaries": {
          "type": "object",
          "additionalProperties": {
            "$ref": "#/definitions/PropertySummary"
          }
        },
        "DataType": {
          "type": "integer",
          "format": "int32",
          "enum": [
            0,
            1,
            2,
            3,
            4,
            5,
            6,
            7,
            -1
          ]
        }
      }
    },
    "PropertySummary": {
      "type": "object",
      "properties": {
        "Id": {
          "type": "string"
        },
        "Name": {
          "type": "string"
        },
        "DisplayName": {
          "type": "string"
        },
        "IsTrendable": {
          "type": "boolean"
        },
        "UOMName": {
          "type": "string"
        },
        "DataType": {
          "type": "integer",
          "format": "int32",
          "enum": [
            0,
            1,
            2,
            3,
            4,
            5,
            6,
            7,
            -1
          ]
        }
      }
    },
    "AssetType_AM": {
      "type": "object",
      "properties": {
        "Name": {
          "type": "string"
        },
        "IsNew": {
          "type": "boolean"
        },
        "AssetClass": {
          "$ref": "#/definitions/AssetClass"
        },
        "IsChanged": {
          "type": "boolean"
        },
        "Description": {
          "type": "string"
        },
        "IsDeleted": {
          "type": "boolean"
        },
        "Criticality": {
          "type": "integer",
          "format": "int32"
        },
        "Icon": {
          "type": "string"
        },
        "OverviewImage": {
          "type": "string"
        },
        "Path": {
          "type": "string"
        },
        "Id": {
          "type": "string"
        },
        "Packages": {
          "type": "array",
          "items": {
            "$ref": "#/definitions/Package"
          }
        },
        "SubsystemTypes": {
          "type": "array",
          "items": {
            "$ref": "#/definitions/AssetType"
          }
        },
        "Attributes": {
          "type": "array",
          "items": {
            "$ref": "#/definitions/Attribute"
          }
        },
        "Variables": {
          "type": "array",
          "items": {
            "$ref": "#/definitions/Variable"
          }
        },
        "DisplayName": {
          "type": "string"
        },
        "LinkTemplates": {
          "type": "array",
          "items": {
            "$ref": "#/definitions/Link"
          }
        },
        "FilterTag": {
          "type": "string"
        },
        "ImageContent": {
          "type": "string"
        },
        "ParentAssetTypeName": {
          "type": "string"
        },
        "ParentAssetTypePath": {
          "type": "string"
        }
      }
    },
    "Package": {
      "type": "object",
      "properties": {
        "Name": {
          "type": "string"
        },
        "IsNew": {
          "type": "boolean"
        },
        "PerformanceIndex": {
          "type": "number",
          "format": "double"
        },
        "IsChanged": {
          "type": "boolean"
        },
        "AssociatedEquipment": {
          "type": "string"
        },
        "IsDeleted": {
          "type": "boolean"
        },
        "Faults": {
          "type": "array",
          "items": {
            "$ref": "#/definitions/Fault"
          }
        },
        "Calculations": {
          "type": "array",
          "items": {
            "$ref": "#/definitions/Calculation"
          }
        },
        "Events": {
          "type": "array",
          "items": {
            "$ref": "#/definitions/Event"
          }
        },
        "Description": {
          "type": "string"
        },
        "Type": {
          "type": "integer",
          "format": "int32",
          "enum": [
            0,
            1,
            2,
            3,
            4,
            5,
            6,
            7,
            8,
            9,
            10
          ]
        },
        "Licence": {
          "type": "integer",
          "format": "int32"
        },
        "Version": {
          "type": "number",
          "format": "double"
        },
        "DisplayName": {
          "type": "string"
        },
        "Flags": {
          "type": "integer",
          "format": "int32",
          "enum": [
            0,
            1,
            2,
            3,
            4,
            5,
            6,
            7,
            8,
            9
          ]
        },
        "AssociatedPreprocessor": {
          "type": "string"
        },
        "LinkedModel": {
          "type": "string"
        },
        "CustomFunctionModel": {
          "type": "string"
        },
        "Id": {
          "type": "string"
        },
        "GlobalOperationId": {
          "type": "integer",
          "format": "int32"
        },
        "OperationCategoryId": {
          "type": "string"
        },
        "ActiveByDefault": {
          "type": "boolean"
        },
        "RecurrentType": {
          "type": "integer",
          "format": "int32"
        },
        "IntervalAmount": {
          "type": "integer",
          "format": "int32"
        },
        "AlsoDataDriven": {
          "type": "boolean"
        },
        "InstanceName": {
          "type": "string"
        },
        "InstanceDescription": {
          "type": "string"
        },
        "InstanceDisplayName": {
          "type": "string"
        },
        "AllowMultipleInstances": {
          "type": "boolean"
        }
      }
    },
    "Fault": {
      "type": "object",
      "properties": {
        "Name": {
          "type": "string"
        },
        "Message": {
          "type": "string"
        },
        "Expression": {
          "type": "string"
        },
        "Alert": {
          "type": "integer",
          "format": "int32"
        },
        "PerformanceIndex": {
          "type": "number",
          "format": "double"
        },
        "RepairAction": {
          "type": "string"
        },
        "ContextVariables": {
          "type": "array",
          "items": {
            "type": "string"
          }
        },
        "Events": {
          "type": "array",
          "items": {
            "$ref": "#/definitions/Event"
          }
        },
        "Autoreset": {
          "type": "boolean"
        },
        "Interval": {
          "type": "integer",
          "format": "int32"
        },
        "Category": {
          "type": "integer",
          "format": "int32"
        },
        "DisplayName": {
          "type": "string"
        },
        "OffInterval": {
          "type": "integer",
          "format": "int32"
        },
        "Consequence": {
          "type": "string"
        },
        "Cause": {
          "type": "string"
        },
        "Reason": {
          "type": "string"
        }
      }
    },
    "Calculation": {
      "type": "object",
      "properties": {
        "Name": {
          "type": "string"
        },
        "Expression": {
          "type": "string"
        },
        "Description": {
          "type": "string"
        },
        "DisplayName": {
          "type": "string"
        }
      }
    },
    "Event": {
      "type": "object",
      "properties": {
        "Name": {
          "type": "string"
        },
        "Expression": {
          "type": "string"
        },
        "Message": {
          "type": "string"
        },
        "ControlAction": {
          "type": "array",
          "items": {
            "type": "string"
          }
        },
        "ContextVariables": {
          "type": "array",
          "items": {
            "type": "string"
          }
        },
        "Interval": {
          "type": "integer",
          "format": "int32"
        },
        "Alert": {
          "type": "integer",
          "format": "int32"
        },
        "Autoreset": {
          "type": "boolean"
        },
        "PerformanceIndex": {
          "type": "number",
          "format": "double"
        },
        "DisplayName": {
          "type": "string"
        },
        "OffInterval": {
          "type": "integer",
          "format": "int32"
        },
        "Consequence": {
          "type": "string"
        },
        "Cause": {
          "type": "string"
        },
        "Reason": {
          "type": "string"
        }
      }
    }
  }
}