﻿{
  "swagger": "2.0",
  "info": {
    "title": "APM-ExcelService",
    "version": "v1"
  },
  "host": "164.178.98.21:443",
  "basePath": "/MES/AM/PublicApis/APMExcelServices",
  "schemes": [
    "https"
  ],
  "paths": {
    "/ExcelService/GetAllFaults": {
      "get": {
        "tags": [
          "ExcelService"
        ],
        "summary": "Get All Faults",
        "operationId": "ExcelService_GetAllFaults",
        "produces": [
          "application/json",
          "text/json"
        ],
        "responses": {
          "200": {
            "description": "Get All Faults []",
            "schema": {
              "$ref": "#/definitions/Object"
            }
          },
          "400": {
            "description": "Invalid tag value"
          }
        }
      }
    },
    "/ExcelService/GetFaultsForType": {
      "get": {
        "tags": [
          "ExcelService"
        ],
        "operationId": "ExcelService_GetFaultsForType",
        "produces": [
          "application/json",
          "text/json"
        ],
        "parameters": [
          {
            "type": "string",
            "name": "AssetType",
            "in": "query",
            "required": true
          }
        ],
        "responses": {
          "200": {
            "description": "OK",
            "schema": {
              "$ref": "#/definitions/Object"
            }
          }
        }
      }
    },
    "/ExcelService/GetAllSymptoms": {
      "get": {
        "tags": [
          "ExcelService"
        ],
        "summary": "Get All Symptoms",
        "operationId": "ExcelService_GetAllSymptoms",
        "produces": [
          "application/json",
          "text/json"
        ],
        "parameters": [
          {
            "type": "string",
            "name": "AssetType",
            "in": "query"
          }
        ],
        "responses": {
          "200": {
            "description": "Get All Faults []",
            "schema": {
              "$ref": "#/definitions/Object"
            }
          },
          "400": {
            "description": "Invalid tag value"
          }
        }
      }
    },
    "/ExcelService/PostFaults": {
      "post": {
        "tags": [
          "ExcelService"
        ],
        "summary": "Post All Faults",
        "operationId": "ExcelService_PostFaults",
        "consumes": [
          "application/json",
          "text/json",
          "application/x-www-form-urlencoded"
        ],
        "produces": [
          "application/json",
          "text/json"
        ],
        "parameters": [
          {
            "name": "faultList",
            "in": "body",
            "required": true,
            "description": "fault List to be saved",
            "schema": {
              "type": "array",
              "items": {
                "$ref": "#/definitions/FaultSheet"
              }
            }
          },
          {
            "type": "number",
            "name": "timeout",
            "in": "query",
            "description": "timeout for async task",
            "format": "double"
          }
        ],
        "responses": {
          "200": {
            "description": "Post Faults []",
            "schema": {
              "$ref": "#/definitions/Object"
            }
          },
          "400": {
            "description": "Invalid tag value"
          }
        }
      }
    },
    "/ExcelService/PostSymptoms": {
      "post": {
        "tags": [
          "ExcelService"
        ],
        "summary": "Post All PostSymptoms",
        "operationId": "ExcelService_PostSymptoms",
        "consumes": [
          "application/json",
          "text/json",
          "application/x-www-form-urlencoded"
        ],
        "produces": [
          "application/json",
          "text/json"
        ],
        "parameters": [
          {
            "name": "faultList",
            "in": "body",
            "required": true,
            "schema": {
              "type": "array",
              "items": {
                "$ref": "#/definitions/SymptomSheet"
              }
            }
          }
        ],
        "responses": {
          "200": {
            "description": "Post Faults []",
            "schema": {
              "$ref": "#/definitions/Object"
            }
          },
          "400": {
            "description": "Invalid tag value"
          }
        }
      }
    },
    "/ExcelService/UpdateFaults": {
      "post": {
        "tags": [
          "ExcelService"
        ],
        "summary": "Update Faults",
        "operationId": "ExcelService_UpdateFaults",
        "consumes": [
          "application/json",
          "text/json",
          "application/x-www-form-urlencoded"
        ],
        "produces": [
          "application/json",
          "text/json"
        ],
        "parameters": [
          {
            "name": "faultList",
            "in": "body",
            "required": true,
            "schema": {
              "type": "array",
              "items": {
                "$ref": "#/definitions/FaultSheet"
              }
            }
          }
        ],
        "responses": {
          "200": {
            "description": "Get All Faults []",
            "schema": {
              "$ref": "#/definitions/Object"
            }
          },
          "400": {
            "description": "Invalid tag value"
          }
        }
      }
    },
    "/ExcelService/DeleteFaults": {
      "post": {
        "tags": [
          "ExcelService"
        ],
        "summary": "Delete All Faults",
        "operationId": "ExcelService_DeleteFaults",
        "consumes": [
          "application/json",
          "text/json",
          "application/x-www-form-urlencoded"
        ],
        "produces": [
          "application/json",
          "text/json"
        ],
        "parameters": [
          {
            "name": "faultList",
            "in": "body",
            "required": true,
            "schema": {
              "type": "array",
              "items": {
                "$ref": "#/definitions/FaultSheet"
              }
            }
          }
        ],
        "responses": {
          "200": {
            "description": "Delete Faults []",
            "schema": {
              "$ref": "#/definitions/Object"
            }
          },
          "400": {
            "description": "Invalid tag value"
          }
        }
      }
    },
    "/ExcelService/saveBasicCalculations": {
      "post": {
        "tags": [
          "ExcelService"
        ],
        "summary": "Save Basic Calculation Model",
        "operationId": "ExcelService_SaveBasicCalculations",
        "consumes": [
          "application/json",
          "text/json",
          "application/x-www-form-urlencoded"
        ],
        "produces": [
          "application/json",
          "text/json"
        ],
        "parameters": [
          {
            "name": "data",
            "in": "body",
            "required": true,
            "description": "Basic calculations to be saved",
            "schema": {
              "type": "array",
              "items": {
                "$ref": "#/definitions/BasicCalculation"
              }
            }
          },
          {
            "type": "number",
            "name": "timeout",
            "in": "query",
            "description": "timeout for async task",
            "format": "double"
          }
        ],
        "responses": {
          "405": {
            "description": "Invalid input"
          }
        }
      }
    },
    "/ExcelService/getBasicCalculations": {
      "get": {
        "tags": [
          "ExcelService"
        ],
        "summary": "Get Basic Calculation Model",
        "operationId": "ExcelService_GetBasicCalculations",
        "produces": [
          "application/json",
          "text/json"
        ],
        "responses": {
          "405": {
            "description": "Invalid input"
          }
        }
      }
    },
    "/ExcelService/GetBasicCalculationsForType": {
      "get": {
        "tags": [
          "ExcelService"
        ],
        "summary": "Get Basic Calculation Model",
        "operationId": "ExcelService_GetBasicCalculationsForType",
        "produces": [
          "application/json",
          "text/json"
        ],
        "parameters": [
          {
            "type": "string",
            "name": "AssetType",
            "in": "query",
            "required": true
          }
        ],
        "responses": {
          "405": {
            "description": "Invalid input"
          }
        }
      }
    },
    "/ExcelService/saveEventDetails": {
      "post": {
        "tags": [
          "ExcelService"
        ],
        "summary": "Save Event Details Model",
        "operationId": "ExcelService_SaveEventDetails",
        "consumes": [
          "application/json",
          "text/json",
          "application/x-www-form-urlencoded"
        ],
        "produces": [
          "application/json",
          "text/json"
        ],
        "parameters": [
          {
            "name": "data",
            "in": "body",
            "required": true,
            "description": "Event Details to be saved",
            "schema": {
              "type": "array",
              "items": {
                "$ref": "#/definitions/EventDetails"
              }
            }
          }
        ],
        "responses": {
          "405": {
            "description": "Invalid input"
          }
        }
      }
    },
    "/ExcelService/getEventDetails": {
      "get": {
        "tags": [
          "ExcelService"
        ],
        "summary": "Get Event Details Model",
        "operationId": "ExcelService_GetEventDetails",
        "produces": [
          "application/json",
          "text/json"
        ],
        "responses": {
          "405": {
            "description": "Invalid input"
          }
        }
      }
    },
    "/ExcelService/getEventDetailsAssetTypeEnrich": {
      "get": {
        "tags": [
          "ExcelService"
        ],
        "summary": "Get Event Details AssetTypeEnrich Model",
        "operationId": "ExcelService_GetEventDetailsAssetTypeEnrich",
        "produces": [
          "application/json",
          "text/json"
        ],
        "parameters": [
          {
            "type": "string",
            "name": "AssetType",
            "in": "query",
            "required": true,
            "description": "Get Event Details AssetType"
          }
        ],
        "responses": {
          "405": {
            "description": "Invalid input"
          }
        }
      }
    },
    "/ExcelService/getEventDetailsDataForTimeRange": {
      "post": {
        "tags": [
          "ExcelService"
        ],
        "summary": "Get Event Details DataForTimeRange Model",
        "operationId": "ExcelService_GetEventDetailsDataForTimeRange",
        "consumes": [
          "application/json",
          "text/json",
          "application/x-www-form-urlencoded"
        ],
        "produces": [
          "application/json",
          "text/json"
        ],
        "parameters": [
          {
            "name": "data",
            "in": "body",
            "required": true,
            "description": "Get Event Details DataForTimeRange",
            "schema": {
              "$ref": "#/definitions/EventDetailsDataForTimeRange"
            }
          }
        ],
        "responses": {
          "405": {
            "description": "Invalid input"
          }
        }
      }
    }
  },
  "definitions": {
    "Object": {
      "type": "object"
    },
    "FaultSheet": {
      "type": "object",
      "description": "FaultSheet Class",
      "properties": {
        "Action": {
          "type": "string",
          "description": "gets or sets Action"
        },
        "Name": {
          "type": "string",
          "description": "gets or sets Name"
        },
        "DisplayName": {
          "type": "string",
          "description": "gets or sets DisplayName"
        },
        "Description": {
          "type": "string",
          "description": "gets or sets Description"
        },
        "TypeName": {
          "type": "string",
          "description": "gets or sets TypeName"
        },
        "ModelName": {
          "type": "string",
          "description": "gets or sets ModelName"
        },
        "Category": {
          "type": "string",
          "description": "gets or sets Category"
        },
        "Severity": {
          "type": "string",
          "description": "gets or sets Severity"
        },
        "OnInterval": {
          "type": "string",
          "description": "gets or sets OnInterval"
        },
        "OffInterval": {
          "type": "string",
          "description": "gets or sets OffInterval"
        },
        "Expression": {
          "type": "string",
          "description": "gets or sets Expression"
        },
        "AutoReset": {
          "type": "string",
          "description": "gets or sets AutoReset"
        },
        "RepairAction": {
          "type": "string",
          "description": "gets or sets RepairAction"
        },
        "Context": {
          "type": "string",
          "description": "gets or sets Context"
        },
        "NotificationOPC": {
          "type": "string",
          "description": "gets or sets NotificationOPC"
        },
        "NotificationMail": {
          "type": "string",
          "description": "gets or sets NotificationMail"
        },
        "NotificationCMMS": {
          "type": "string",
          "description": "gets or sets NotificationCMMS"
        },
        "CMMSProblemId": {
          "type": "string",
          "description": "gets or sets CMMSProblemId"
        },
        "CMMSProblemGroup": {
          "type": "string",
          "description": "gets or sets CMMSProblemGroup"
        },
        "CMMSNotificationType": {
          "type": "string",
          "description": "gets or sets CMMSNotificationType"
        },
        "Status": {
          "type": "string",
          "description": "gets or sets Status"
        }
      }
    },
    "SymptomSheet": {
      "type": "object",
      "description": "SymptomSheet Class",
      "properties": {
        "Action": {
          "type": "string",
          "description": "gets or sets Action"
        },
        "Name": {
          "type": "string",
          "description": "gets or sets Name"
        },
        "RowIndex": {
          "type": "integer",
          "description": "gets or sets RowIndex",
          "format": "int32"
        },
        "DisplayName": {
          "type": "string",
          "description": "gets or sets DisplayName"
        },
        "Description": {
          "type": "string",
          "description": "gets or sets Description"
        },
        "TypeName": {
          "type": "string",
          "description": "gets or sets TypeName"
        },
        "ModelName": {
          "type": "string",
          "description": "gets or sets ModelName"
        },
        "FaultName": {
          "type": "string",
          "description": "gets or sets FaultName"
        },
        "Severity": {
          "type": "integer",
          "description": "gets or sets Severity",
          "format": "int32",
          "enum": [
            0,
            1,
            2,
            3,
            4,
            5,
            6
          ]
        },
        "Interval": {
          "type": "integer",
          "description": "gets or sets Interval",
          "format": "int32"
        },
        "Expression": {
          "type": "string",
          "description": "gets or sets Expression"
        },
        "AutoReset": {
          "type": "boolean",
          "description": "gets or sets AutoReset"
        },
        "ControlAction": {
          "type": "string",
          "description": "gets or sets ControlAction"
        },
        "Context": {
          "type": "string",
          "description": "gets or sets Context"
        },
        "NotificationOPC": {
          "type": "boolean",
          "description": "gets or sets NotificationOPC"
        },
        "NotificationMail": {
          "type": "boolean",
          "description": "gets or sets NotificationMail"
        },
        "NotificationCMMS": {
          "type": "boolean",
          "description": "gets or sets NotificationCMMS"
        },
        "CMMSCauseId": {
          "type": "string",
          "description": "gets or sets CMMSCauseId"
        },
        "CMMSCauseGroup": {
          "type": "string",
          "description": "gets or sets CMMSCauseGroup"
        },
        "Status": {
          "type": "string",
          "description": "gets or sets Status"
        }
      }
    },
    "BasicCalculation": {
      "type": "object",
      "properties": {
        "Name": {
          "type": "string"
        },
        "DisplayName": {
          "type": "string"
        },
        "Description": {
          "type": "string"
        },
        "Action": {
          "type": "string"
        },
        "TypeName": {
          "type": "string"
        },
        "ModelName": {
          "type": "string"
        },
        "Expression": {
          "type": "string"
        },
        "RowIndex": {
          "type": "integer",
          "description": "Gets or sets Row Index \r\n            Do not Rename this property",
          "format": "int32"
        }
      }
    },
    "EventDetails": {
      "type": "object",
      "properties": {
        "AssetType": {
          "type": "string"
        },
        "EventName": {
          "type": "string"
        },
        "ParentEventName": {
          "type": "string"
        },
        "OperationName": {
          "type": "string"
        },
        "EnrichmentKey": {
          "type": "string"
        },
        "EventDisplayName": {
          "type": "string"
        },
        "Description": {
          "type": "string"
        },
        "Severity": {
          "type": "string"
        },
        "Category": {
          "type": "string"
        },
        "MessageType": {
          "type": "string"
        },
        "DestinationType": {
          "type": "string"
        },
        "AutoReset": {
          "type": "string"
        },
        "OnTimer": {
          "type": "string"
        },
        "OffTimer": {
          "type": "string"
        },
        "EventHandlerType": {
          "type": "string"
        },
        "TrendDetail": {
          "type": "string"
        },
        "LinkDetail": {
          "type": "string"
        },
        "Reason": {
          "type": "string"
        },
        "Cause": {
          "type": "string"
        },
        "Recommendation": {
          "type": "string"
        },
        "Action": {
          "type": "string"
        }
      }
    },
    "EventDetailsDataForTimeRange": {
      "type": "object",
      "properties": {
        "startTime": {
          "type": "string",
          "format": "date-time"
        },
        "endTime": {
          "type": "string",
          "format": "date-time"
        },
        "unenrichedOnly": {
          "type": "boolean"
        }
      }
    }
  }
}