{"openapi":"3.0.2","info":{"title":"QueryProcessor","version":"0.1.0"},"paths":{"/api/query-templates":{"get":{"tags":["TemplateQuery"],"summary":"Get Query Templates","operationId":"get_query_templates_api_query_templates_get","responses":{"200":{"description":"Successful Response","content":{"application/json":{"schema":{}}}}}}},"/api/query-templates/query":{"get":{"tags":["TemplateQuery"],"summary":"Get Query","operationId":"get_query_api_query_templates_query_get","parameters":[{"required":true,"schema":{"title":"Query","type":"string"},"name":"query","in":"query"},{"required":false,"schema":{"title":"Customerid","type":"string"},"name":"customerId","in":"header"}],"responses":{"200":{"description":"Successful Response","content":{"application/json":{"schema":{}}}},"422":{"description":"Validation Error","content":{"application/json":{"schema":{"$ref":"#/components/schemas/HTTPValidationError"}}}}}}},"/metrics":{"get":{"summary":"Metrics","description":"Endpoint that serves Prometheus metrics.","operationId":"metrics_metrics_get","responses":{"200":{"description":"Successful Response","content":{"application/json":{"schema":{}}}}}}}},"components":{"schemas":{"HTTPValidationError":{"title":"HTTPValidationError","type":"object","properties":{"detail":{"title":"Detail","type":"array","items":{"$ref":"#/components/schemas/ValidationError"}}}},"ValidationError":{"title":"ValidationError","required":["loc","msg","type"],"type":"object","properties":{"loc":{"title":"Location","type":"array","items":{"type":"string"}},"msg":{"title":"Message","type":"string"},"type":{"title":"Error Type","type":"string"}}}}}}