﻿{
  "openapi": "3.0.1",
  "info": {
    "title": "Hcp-Apm-Metrics-Api",
    "description": "API to unerstand request and response schema.",
    "version": "v1.1"
  },
  "paths": {
    "/api/Metrics": {
      "get": {
        "tags": [
          "Metrics"
        ],
        "operationId": "Metrics",
        "parameters": [
          {
            "name": "KPIGroupName",
            "in": "query",
            "schema": {
              "type": "string"
            }
          },
          {
            "name": "AssetName",
            "in": "query",
            "schema": {
              "type": "array",
              "items": {
                "type": "string"
              }
            }
          },
          {
            "name": "KpiNames",
            "in": "query",
            "schema": {
              "type": "array",
              "items": {
                "type": "string"
              }
            }
          },
          {
            "name": "StartDate",
            "in": "query",
            "schema": {
              "type": "string",
              "format": "date-time"
            }
          },
          {
            "name": "EndDate",
            "in": "query",
            "schema": {
              "type": "string",
              "format": "date-time"
            }
          },
          {
            "name": "Frequency",
            "in": "query",
            "schema": {
              "type": "string"
            }
          },
          {
            "name": "customer-id",
            "in": "header",
            "description": "CustomerId Is Passing Through Header",
            "schema": {}
          }
        ],
        "responses": {
          "200": {
            "description": "Success",
            "content": {
              "text/plain": {
                "schema": {
                  "$ref": "#/components/schemas/MetricHistoryData"
                }
              },
              "application/json": {
                "schema": {
                  "$ref": "#/components/schemas/MetricHistoryData"
                }
              },
              "text/json": {
                "schema": {
                  "$ref": "#/components/schemas/MetricHistoryData"
                }
              }
            }
          },
          "400": {
            "description": "Bad Request",
            "content": {
              "text/plain": {
                "schema": {
                  "$ref": "#/components/schemas/OperationStatus"
                }
              },
              "application/json": {
                "schema": {
                  "$ref": "#/components/schemas/OperationStatus"
                }
              },
              "text/json": {
                "schema": {
                  "$ref": "#/components/schemas/OperationStatus"
                }
              }
            }
          },
          "500": {
            "description": "Server Error",
            "content": {
              "text/plain": {
                "schema": {
                  "$ref": "#/components/schemas/MetricStatus"
                }
              },
              "application/json": {
                "schema": {
                  "$ref": "#/components/schemas/MetricStatus"
                }
              },
              "text/json": {
                "schema": {
                  "$ref": "#/components/schemas/MetricStatus"
                }
              }
            }
          }
        }
      }
    },
    "/api/ReportPeriodConfiguration": {
      "get": {
        "tags": [
          "ReportPeriodConfiguration"
        ],
        "operationId": "ReportPeriodConfiguration",
        "parameters": [
          {
            "name": "customer-id",
            "in": "header",
            "description": "CustomerId Is Passing Through Header",
            "schema": {}
          }
        ],
        "responses": {
          "201": {
            "description": "Success",
            "content": {
              "text/plain": {
                "schema": {
                  "$ref": "#/components/schemas/ReportingPeriodConfigurationResponse"
                }
              },
              "application/json": {
                "schema": {
                  "$ref": "#/components/schemas/ReportingPeriodConfigurationResponse"
                }
              },
              "text/json": {
                "schema": {
                  "$ref": "#/components/schemas/ReportingPeriodConfigurationResponse"
                }
              }
            }
          },
          "400": {
            "description": "Bad Request",
            "content": {
              "text/plain": {
                "schema": {
                  "$ref": "#/components/schemas/OperationStatus"
                }
              },
              "application/json": {
                "schema": {
                  "$ref": "#/components/schemas/OperationStatus"
                }
              },
              "text/json": {
                "schema": {
                  "$ref": "#/components/schemas/OperationStatus"
                }
              }
            }
          },
          "500": {
            "description": "Server Error",
            "content": {
              "text/plain": {
                "schema": {
                  "$ref": "#/components/schemas/MetricStatus"
                }
              },
              "application/json": {
                "schema": {
                  "$ref": "#/components/schemas/MetricStatus"
                }
              },
              "text/json": {
                "schema": {
                  "$ref": "#/components/schemas/MetricStatus"
                }
              }
            }
          }
        }
      },
      "post": {
        "tags": [
          "ReportPeriodConfiguration"
        ],
        "operationId": "ReportPeriodConfiguration2",
        "parameters": [
          {
            "name": "customer-id",
            "in": "header",
            "description": "CustomerId Is Passing Through Header",
            "schema": {}
          }
        ],
        "requestBody": {
          "content": {
            "application/json": {
              "schema": {
                "$ref": "#/components/schemas/ReportPeriodConfigurationModel"
              }
            },
            "text/json": {
              "schema": {
                "$ref": "#/components/schemas/ReportPeriodConfigurationModel"
              }
            },
            "application/*+json": {
              "schema": {
                "$ref": "#/components/schemas/ReportPeriodConfigurationModel"
              }
            }
          }
        },
        "responses": {
          "201": {
            "description": "Success",
            "content": {
              "text/plain": {
                "schema": {
                  "$ref": "#/components/schemas/ReportPeriodConfigurationModel"
                }
              },
              "application/json": {
                "schema": {
                  "$ref": "#/components/schemas/ReportPeriodConfigurationModel"
                }
              },
              "text/json": {
                "schema": {
                  "$ref": "#/components/schemas/ReportPeriodConfigurationModel"
                }
              }
            }
          },
          "400": {
            "description": "Bad Request",
            "content": {
              "text/plain": {
                "schema": {
                  "$ref": "#/components/schemas/OperationStatus"
                }
              },
              "application/json": {
                "schema": {
                  "$ref": "#/components/schemas/OperationStatus"
                }
              },
              "text/json": {
                "schema": {
                  "$ref": "#/components/schemas/OperationStatus"
                }
              }
            }
          },
          "500": {
            "description": "Server Error",
            "content": {
              "text/plain": {
                "schema": {
                  "$ref": "#/components/schemas/MetricStatus"
                }
              },
              "application/json": {
                "schema": {
                  "$ref": "#/components/schemas/MetricStatus"
                }
              },
              "text/json": {
                "schema": {
                  "$ref": "#/components/schemas/MetricStatus"
                }
              }
            }
          }
        }
      }
    },
    "/api/Targets": {
      "post": {
        "tags": [
          "Targets"
        ],
        "operationId": "Targets",
        "parameters": [
          {
            "name": "customer-id",
            "in": "header",
            "description": "CustomerId Is Passing Through Header",
            "schema": {}
          }
        ],
        "requestBody": {
          "content": {
            "multipart/form-data": {
              "schema": {
                "type": "object",
                "required": [
                  "TargetsFile"
                ],
                "properties": {
                  "TargetsFile": {
                    "type": "string",
                    "format": "binary"
                  }
                }
              },
              "encoding": {
                "TargetsFile": {
                  "style": "form"
                }
              }
            }
          }
        },
        "responses": {
          "200": {
            "description": "Success"
          }
        }
      },
      "get": {
        "tags": [
          "Targets"
        ],
        "operationId": "Targets2",
        "parameters": [
          {
            "name": "Asset",
            "in": "query",
            "schema": {
              "type": "array",
              "items": {
                "type": "string"
              }
            }
          },
          {
            "name": "KPI",
            "in": "query",
            "schema": {
              "type": "array",
              "items": {
                "type": "string"
              }
            }
          },
          {
            "name": "ReportingPeriod",
            "in": "query",
            "schema": {
              "type": "array",
              "items": {
                "type": "string"
              }
            }
          },
          {
            "name": "EffectiveDate",
            "in": "query",
            "schema": {
              "type": "string",
              "format": "date-time"
            }
          },
          {
            "name": "UoM",
            "in": "query",
            "schema": {
              "type": "string"
            }
          },
          {
            "name": "StartDate",
            "in": "query",
            "schema": {
              "type": "string",
              "format": "date-time"
            }
          },
          {
            "name": "EndDate",
            "in": "query",
            "schema": {
              "type": "string",
              "format": "date-time"
            }
          },
          {
            "name": "customer-id",
            "in": "header",
            "description": "CustomerId Is Passing Through Header",
            "schema": {}
          }
        ],
        "responses": {
          "200": {
            "description": "Success",
            "content": {
              "text/plain": {
                "schema": {
                  "$ref": "#/components/schemas/TargetsResponse"
                }
              },
              "application/json": {
                "schema": {
                  "$ref": "#/components/schemas/TargetsResponse"
                }
              },
              "text/json": {
                "schema": {
                  "$ref": "#/components/schemas/TargetsResponse"
                }
              }
            }
          }
        }
      }
    },
    "/api/Targets/Export": {
      "get": {
        "tags": [
          "Targets"
        ],
        "operationId": "Export",
        "parameters": [
          {
            "name": "asset",
            "in": "query",
            "schema": {
              "type": "string"
            }
          },
          {
            "name": "customer-id",
            "in": "header",
            "description": "CustomerId Is Passing Through Header",
            "schema": {}
          }
        ],
        "responses": {
          "200": {
            "description": "Success"
          }
        }
      }
    }
  },
  "components": {
    "schemas": {
      "KpiInfo": {
        "type": "object",
        "additionalProperties": false,
        "properties": {
          "assetName": {
            "type": "string",
            "nullable": true
          },
          "kpiName": {
            "type": "string",
            "nullable": true
          },
          "kpiUoM": {
            "type": "string",
            "nullable": true
          },
          "trendData": {
            "type": "array",
            "nullable": true,
            "items": {
              "$ref": "#/components/schemas/KpiTrendData"
            }
          },
          "properties": {
            "type": "array",
            "nullable": true,
            "items": {
              "$ref": "#/components/schemas/KpiProperty"
            }
          }
        }
      },
      "KpiProperty": {
        "type": "object",
        "additionalProperties": false,
        "properties": {
          "propertyName": {
            "type": "string",
            "nullable": true
          },
          "trendData": {
            "type": "array",
            "nullable": true,
            "items": {
              "$ref": "#/components/schemas/KpiTrendData"
            }
          },
          "constantValue": {
            "type": "number",
            "format": "double"
          }
        }
      },
      "KpiTrendData": {
        "type": "object",
        "additionalProperties": false,
        "properties": {
          "timeStamp": {
            "type": "string",
            "format": "date-time"
          },
          "val": {
            "type": "number",
            "format": "double"
          }
        }
      },
      "MetricHistoryData": {
        "type": "object",
        "additionalProperties": false,
        "properties": {
          "kpiInfo": {
            "type": "array",
            "nullable": true,
            "items": {
              "$ref": "#/components/schemas/KpiInfo"
            }
          }
        }
      },
      "MetricStatus": {
        "type": "object",
        "additionalProperties": false,
        "properties": {
          "isSuccess": {
            "type": "boolean"
          },
          "statusMessage": {
            "type": "string",
            "nullable": true
          }
        }
      },
      "OperationStatus": {
        "type": "object",
        "additionalProperties": false,
        "properties": {
          "isSuccess": {
            "type": "boolean"
          },
          "message": {
            "type": "string",
            "nullable": true
          }
        }
      },
      "ReportedPeriodModel": {
        "type": "object",
        "additionalProperties": false,
        "properties": {
          "name": {
            "type": "string",
            "nullable": true
          },
          "timeWindowConfig": {
            "$ref": "#/components/schemas/TimeWindowConfigModel"
          },
          "displayName": {
            "type": "string",
            "nullable": true
          }
        }
      },
      "ReportingPeriodConfigurationResponse": {
        "type": "object",
        "additionalProperties": false,
        "properties": {
          "reportedPeriod": {
            "type": "array",
            "nullable": true,
            "items": {
              "$ref": "#/components/schemas/ReportedPeriodModel"
            }
          }
        }
      },
      "ReportPeriodConfigurationModel": {
        "type": "object",
        "additionalProperties": false,
        "required": [
          "anchorTime",
          "displayName",
          "duration",
          "interval",
          "name"
        ],
        "properties": {
          "name": {
            "type": "string",
            "maxLength": 50
          },
          "displayName": {
            "type": "string",
            "maxLength": 50
          },
          "anchorTime": {
            "type": "string",
            "maxLength": 50
          },
          "duration": {
            "type": "string",
            "maxLength": 50
          },
          "interval": {
            "type": "string",
            "maxLength": 50
          }
        }
      },
      "TargetsData": {
        "type": "object",
        "additionalProperties": false,
        "properties": {
          "asset": {
            "type": "string",
            "nullable": true
          },
          "kpi": {
            "type": "string",
            "nullable": true
          },
          "reportingPeriod": {
            "type": "string",
            "nullable": true
          },
          "targetOverride": {
            "type": "number",
            "format": "double",
            "default": 0
          },
          "HighLimitOverride": {
            "type": "number",
            "format": "double",
            "default": 0
          },
          "LowLimitOverride": {
            "type": "number",
            "format": "double",
            "default": 0
          },
          "effectiveDate": {
            "type": "string",
            "format": "date-time"
          },
          "uoM": {
            "type": "string",
            "nullable": true
          },
          "recommendation": {
            "type": "string",
            "nullable": true
          },
          "raiseEventOverride": {
            "type": "boolean"
          },
          "eventCategory": {
            "type": "string",
            "nullable": true
          },
          "deviationLimit": {
            "type": "number",
            "format": "double"
          }
        }
      },
      "TargetsResponse": {
        "type": "object",
        "additionalProperties": false,
        "properties": {
          "kpiTargetData": {
            "type": "array",
            "nullable": true,
            "items": {
              "$ref": "#/components/schemas/TargetsData"
            }
          }
        }
      },
      "TimeWindowConfigModel": {
        "type": "object",
        "additionalProperties": false,
        "properties": {
          "anchorTime": {
            "type": "string",
            "nullable": true
          },
          "duration": {
            "type": "string",
            "nullable": true
          },
          "interval": {
            "type": "string",
            "nullable": true
          }
        }
      }
    }
  }
}