﻿{
    "subscriptionEventHubSuffix": "gateway1",
    "publishingEventHubSuffix": "",
    "eventHubConnectionStringKey": "eventhubnsconnectionstringkey1",
    "systemGuid": "",
    "tenantEventHubResourceId": "",
    "type": "EVENTHUB",
    "description": "TestDemo",
    "name": "",
    "healthTags": "[{\"Name\":\"NSU=urn:MatrikonFLEXDispatch:HTK2F92-56000;s=ns=1;i=1/DatasourceDiagnostics/ConnectionStatus\", \"Type\":\"Matrikon UA Dispatch\", \"AliasName\":\"Dispatcher to UA Wrapper\"},{\"Name\":\"NSU=urn:MatrikonFLEXDispatch:HTK2F92-56000;s=ns=1;i=1/DatasourceDiagnostics/ConnectionStatusLog\", \"Type\":\"General\", \"AliasName\":\"Dispatcher to UA Wrapper Log\"},{\"Name\":\"NSU=urn:PHD178/localhost/OPC.PHDServerDA.1/ffced1f1-278e-11d5-a2b0-00c04f1bfd1b/DA3.0;s=3:ServerStatus?ServerState\", \"Type\":\"Matrikon UA Wrapper\", \"AliasName\":\"UA Wrapper to phd\"},{\"Name\":\"Comp_0740_C_201A_Inlet.Temperature\", \"Type\":\"General\", \"AliasName\":\"messaurment tag\"}]",
    "arrivalTimeLatency": 180
}